{"assets":{"FFECC56B5AB14AAF54DD363FE3E50778":{"type":"texture","index":4,"assetRequest":{"type":"slide","state":"contents","slide":"none"},"url":{"native":"assets\/A755B474-8606-4FDB-8D81-5516A1D256F0.pdf"},"width":60,"height":57},"FDA537752298C85A388732E608F21EE9":{"type":"texture","index":5,"assetRequest":{"type":"slide","state":"contents","slide":"none"},"url":{"native":"assets\/A755B474-8606-4FDB-8D81-5516A1D256F0.pdf"},"width":60,"height":57},"D6F56D0AF44F25A51EFBEA5ADAF4E1F6":{"type":"texture","index":1,"assetRequest":{"type":"slide","state":"contents","slide":"none"},"url":{"native":"assets\/A755B474-8606-4FDB-8D81-5516A1D256F0.pdf"},"width":699,"height":62},"370904E4B958E10D1513C19E7CD0724B":{"type":"texture","index":9,"assetRequest":{"type":"slide","state":"contents","slide":"none"},"url":{"native":"assets\/A755B474-8606-4FDB-8D81-5516A1D256F0.pdf"},"width":1920,"height":1080},"A26FE56739A7BF252D382EA1614A7ED2":{"type":"texture","index":2,"assetRequest":{"type":"slide","state":"contents","slide":"none"},"url":{"native":"assets\/A755B474-8606-4FDB-8D81-5516A1D256F0.pdf"},"width":1088,"height":55},"B47D48B12AF0CD9A6D0D25F6C186645B":{"type":"texture","index":3,"assetRequest":{"type":"slide","state":"contents","slide":"none"},"url":{"native":"assets\/A755B474-8606-4FDB-8D81-5516A1D256F0.pdf"},"width":652,"height":624},"C25C25FF361FB24FC35F6B120D2F252D":{"type":"texture","index":0,"assetRequest":{"type":"slide","state":"contents","slide":"none"},"url":{"native":"assets\/A755B474-8606-4FDB-8D81-5516A1D256F0.pdf"},"width":1920,"height":1080},"F5F63F72589EB65DE4942AA8B9F6880B":{"type":"texture","index":7,"assetRequest":{"type":"slide","state":"contents","slide":"none"},"url":{"native":"assets\/A755B474-8606-4FDB-8D81-5516A1D256F0.pdf"},"width":1061,"height":50},"1643F68125971CDBB160E928C474F742":{"type":"texture","index":6,"assetRequest":{"type":"slide","state":"contents","slide":"none"},"url":{"native":"assets\/A755B474-8606-4FDB-8D81-5516A1D256F0.pdf"},"width":60,"height":57},"2FEC9B1FEE356CB261A9E50EB6CDE7AB":{"type":"texture","index":8,"assetRequest":{"type":"slide","state":"contents","slide":"none"},"url":{"native":"assets\/A755B474-8606-4FDB-8D81-5516A1D256F0.pdf"},"width":1920,"height":1080}},"events":[{"effects":[{"beginTime":0,"baseLayer":{"animations":[],"initialState":{"affineTransform":[1,0,0,1,0,0],"masksToBounds":false,"rotation":0,"scale":1,"position":{"pointX":1191.8701171557996,"pointY":754.76745602040774},"width":60,"sublayerTransform":[1,0,0,0,0,1,0,0,0,0,1,0,0,0,0,1],"contentsRect":{"y":0,"x":0,"width":1,"height":1},"opacity":1,"edgeAntialiasingMask":251658240,"height":57,"hidden":false,"anchorPoint":{"pointX":0.5,"pointY":0.5}},"objectID":"43538BBF-949A-43AA-BE80-232189A7DA32","layers":[{"animations":[],"initialState":{"affineTransform":[1,0,0,1,0,0],"masksToBounds":false,"rotation":0,"scale":1,"position":{"pointX":-201.87011715579956,"pointY":-186.26745602040774},"width":60,"sublayerTransform":[1,0,0,0,0,1,0,0,0,0,1,-0.00035007912466775983,0,0,0,1],"contentsRect":{"y":0,"x":0,"width":1,"height":1},"opacity":1,"edgeAntialiasingMask":251658240,"height":57,"hidden":false,"anchorPoint":{"pointX":-3.3645019525966595,"pointY":-3.2678501056211884}},"layers":[{"animations":[{"additive":false,"timeOffset":0,"beginTime":1e-100,"repeatCount":0,"fillMode":"both","duration":0.01,"autoreverses":false,"animations":[{"additive":false,"timeOffset":0,"beginTime":0,"from":{"scalar":true},"repeatCount":0,"fillMode":"both","duration":0.0001,"autoreverses":false,"property":"hidden","to":{"scalar":false},"removedOnCompletion":true},{"additive":false,"timeOffset":0,"beginTime":0.0001,"from":{"scalar":false},"repeatCount":0,"fillMode":"forwards","duration":0.0099000000000000008,"autoreverses":false,"property":"hidden","to":{"scalar":false},"removedOnCompletion":true}],"removedOnCompletion":false}],"layers":[],"texturedRectangle":{"singleTextureOpacity":1,"textXHeight":0,"shapePath":{"lineWidth":1,"flatness":0.59999999999999998,"lineCapStyle":0,"elements":[{"type":"MoveToPoint","points":[[53.224288058756883,1.2836100138027859]]},{"type":"AddCurve","points":[[52.084320151130669,0.45048670526875867],[23.955914182831975,32.092609026525224],[18.924774142964225,38.365789136200419]]},{"type":"AddCurve","points":[[18.65942037505738,38.694125759996041],[18.374240753950517,39.0054432826023],[18.040431894878338,39.389035465931556]]},{"type":"AddCurve","points":[[17.697284910868348,38.9797993313814],[17.413707047785465,38.661520887871575],[17.151459582666348,38.328748626916877]]},{"type":"AddCurve","points":[[15.052452340158197,35.665388154858192],[13.708655354628945,33.54459744259475],[11.581492438963096,30.902126515566579]]},{"type":"AddCurve","points":[[10.732228917682278,29.847071105902614],[9.7626922462507082,28.883714920912098],[8.8636447969399796,27.864804754316083]]},{"type":"AddCurve","points":[[8.4351660475942936,27.379276564939119],[7.9327797865967113,27.393946722699184],[7.36813408420835,27.568480680047742]]},{"type":"AddCurve","points":[[6.7996354585841345,27.744206064910486],[6.0499364022025475,27.747461578421735],[5.3309058687225388,28.198169337867967]]},{"type":"AddCurve","points":[[5.0802151951340875,28.491235637851787],[5.4071351947577568,28.957278222399964],[5.4512875360012458,29.411246016903988]]},{"type":"AddCurve","points":[[5.5059626474962897,29.972776882128983],[3.4716574708463668,29.894958805343776],[2.409335475799935,30.610432504958681]]},{"type":"AddCurve","points":[[2.1651605810457113,30.774894717381812],[2.6309118376182141,31.443290074386823],[2.4741563735653926,31.615156319274774]]},{"type":"AddCurve","points":[[2.0046315857639456,32.129724141326733],[1.7082326642203043,32.008415569113822],[1.9648493373563269,32.63840038823264]]},{"type":"AddCurve","points":[[4.2506919002569248,38.250173191085651],[7.6654212777896191,43.003966711915382],[10.414716279184859,48.695463423421643]]},{"type":"AddCurve","points":[[14.788760240773172,57.750398440621211],[15.620723758045642,52.11103968230691],[16.882915863352309,53.195885301372073]]},{"type":"AddCurve","points":[[20.773055952491404,56.539591577949977],[19.061305645733682,57.451578472660913],[28.212683910315945,45.755372999040446]]},{"type":"AddCurve","points":[[32.081638290995215,40.319022637431772],[52.346357364314372,15.069309581197558],[56.863518461874719,10.113141245371594]]},{"type":"AddCurve","points":[[57.416467487372302,9.5065622119346926],[57.944733387806991,8.9059171431426876],[58.317358597471411,8.1499942533438343]]},{"type":"AddCurve","points":[[59.029122439731964,6.7061581856920611],[59.063725838908795,6.7485295983502738],[58.030294621652956,5.5756791407343371]]},{"type":"AddCurve","points":[[57.648630839539237,5.1426014564541447],[57.250924608676087,5.0538892784659311],[56.692206089208867,5.0802623290669544]]},{"type":"AddCurve","points":[[55.624248339075166,5.1306337705436817],[55.092763097177794,4.5238026608869859],[55.205955504729445,3.5477111161619632]]},{"type":"AddCurve","points":[[55.23100035355219,3.3315412039602279],[55.175584273542881,3.0511461142692724],[55.039273196189697,2.8902420763790815]]},{"type":"AddCurve","points":[[54.718654820097981,2.5115403695315308],[53.627736654307682,1.5784524768400843],[53.224288058756883,1.2836100138027859]]},{"type":"CloseSubpath"},{"type":"MoveToPoint","points":[[53.224288058756883,1.2836100138027859]]}],"windingRule":0,"lineJoinStyle":0,"miterLimit":10},"isBackgroundTexture":true,"textBaseline":0,"isVerticalText":false,"textureType":5},"initialState":{"affineTransform":[1,0,0,1,0,0],"masksToBounds":false,"rotation":0,"scale":1,"position":{"pointX":28.129882844200438,"pointY":27.232543979592265},"width":60,"sublayerTransform":[1,0,0,0,0,1,0,0,0,0,1,0,0,0,0,1],"contentsRect":{"y":0,"x":0,"width":1,"height":1},"opacity":1,"edgeAntialiasingMask":0,"height":57,"hidden":true,"anchorPoint":{"pointX":0.5,"pointY":0.5}},"texture":"1643F68125971CDBB160E928C474F742"}]}]},"effects":[],"duration":0.01,"type":"buildIn","attributes":{"direction":0},"name":"apple:bc-appear","objectID":"43538BBF-949A-43AA-BE80-232189A7DA32"}],"automaticPlay":false,"hyperlinks":[],"accessibility":[{"text":"Refutation Proof","targetRectangle":{"y":79,"x":99,"width":699.61640685796738,"height":98}},{"text":"Repeat for each resolvent until meet a contradiction ","targetRectangle":{"y":960.88336050510406,"x":373.86221313476562,"width":1074.6826171875,"height":58}},{"text":"Resolution Proof in Propositional Logic","targetRectangle":{"y":180.44745779037476,"x":98.599999904632568,"width":1091.4599609375,"height":64}},{"text":"equation.pdf","targetRectangle":{"y":355.4302978515625,"x":595.53490230716091,"width":534.86287360833455,"height":500.86435820677571}},{"text":"￼","targetRectangle":{"y":355.4302978515625,"x":595.53490230716091,"width":534.86287360833455,"height":500.86435820677571}}],"baseLayer":{"animations":[],"initialState":{"affineTransform":[1,0,0,1,0,0],"masksToBounds":false,"rotation":0,"scale":1,"position":{"pointX":960,"pointY":540},"width":1920,"sublayerTransform":[1,0,0,0,0,1,0,0,0,0,1,0,0,0,0,1],"contentsRect":{"y":0,"x":0,"width":1,"height":1},"opacity":1,"edgeAntialiasingMask":251658240,"height":1080,"hidden":false,"anchorPoint":{"pointX":0.5,"pointY":0.5}},"layers":[{"animations":[],"initialState":{"affineTransform":[1,0,0,1,0,0],"masksToBounds":false,"rotation":0,"scale":1,"position":{"pointX":960,"pointY":540},"width":1920,"sublayerTransform":[1,0,0,0,0,1,0,0,0,0,1,0,0,0,0,1],"contentsRect":{"y":0,"x":0,"width":1,"height":1},"opacity":1,"edgeAntialiasingMask":251658240,"height":1080,"hidden":false,"anchorPoint":{"pointX":0.5,"pointY":0.5}},"layers":[{"animations":[],"initialState":{"affineTransform":[1,0,0,1,0,0],"masksToBounds":false,"rotation":0,"scale":1,"position":{"pointX":960,"pointY":540},"width":1920,"sublayerTransform":[1,0,0,0,0,1,0,0,0,0,1,0,0,0,0,1],"contentsRect":{"y":0,"x":0,"width":1,"height":1},"opacity":1,"edgeAntialiasingMask":251658240,"height":1080,"hidden":false,"anchorPoint":{"pointX":0.5,"pointY":0.5}},"layers":[{"animations":[],"layers":[],"texturedRectangle":{"isBackgroundTexture":true,"singleTextureOpacity":1,"textureType":1,"textBaseline":0,"textXHeight":0,"isVerticalText":false},"initialState":{"affineTransform":[1,0,0,1,0,0],"masksToBounds":false,"rotation":0,"scale":1,"position":{"pointX":960,"pointY":540},"width":1920,"sublayerTransform":[1,0,0,0,0,1,0,0,0,0,1,0,0,0,0,1],"contentsRect":{"y":0,"x":0,"width":1,"height":1},"opacity":1,"edgeAntialiasingMask":0,"height":1080,"hidden":false,"anchorPoint":{"pointX":0.5,"pointY":0.5}},"texture":"C25C25FF361FB24FC35F6B120D2F252D"}]}]},{"animations":[],"initialState":{"affineTransform":[1,0,0,1,0,0],"masksToBounds":false,"rotation":0,"scale":1,"position":{"pointX":960,"pointY":540},"width":1920,"sublayerTransform":[1,0,0,0,0,1,0,0,0,0,1,0,0,0,0,1],"contentsRect":{"y":0,"x":0,"width":1,"height":1},"opacity":1,"edgeAntialiasingMask":251658240,"height":1080,"hidden":false,"anchorPoint":{"pointX":0.5,"pointY":0.5}},"layers":[{"animations":[],"initialState":{"affineTransform":[1,0,0,1,0,0],"masksToBounds":false,"rotation":0,"scale":1,"position":{"pointX":444.5,"pointY":106},"width":699,"sublayerTransform":[1,0,0,0,0,1,0,0,0,0,1,0,0,0,0,1],"contentsRect":{"y":0,"x":0,"width":1,"height":1},"opacity":1,"edgeAntialiasingMask":251658240,"height":62,"hidden":false,"anchorPoint":{"pointX":0.5,"pointY":0.5}},"layers":[{"animations":[],"layers":[],"texturedRectangle":{"singleTextureOpacity":1,"textXHeight":0.68749212449596775,"textBaseline":0.96833259828629037,"isBackgroundTexture":true,"isVerticalText":false,"textColor":[0,0.30196079611778259,0.50196081399917603,1],"textureType":6},"initialState":{"affineTransform":[1,0,0,1,0,0],"masksToBounds":false,"rotation":0,"scale":1,"position":{"pointX":359.5,"pointY":53},"width":699,"sublayerTransform":[1,0,0,0,0,1,0,0,0,0,1,0,0,0,0,1],"contentsRect":{"y":0,"x":0,"width":1,"height":1},"opacity":1,"edgeAntialiasingMask":0,"height":62,"hidden":false,"anchorPoint":{"pointX":0.5,"pointY":0.5}},"texture":"D6F56D0AF44F25A51EFBEA5ADAF4E1F6"}]}]},{"animations":[],"initialState":{"affineTransform":[1,0,0,1,0,0],"masksToBounds":false,"rotation":0,"scale":1,"position":{"pointX":960,"pointY":540},"width":1920,"sublayerTransform":[1,0,0,0,0,1,0,0,0,0,1,0,0,0,0,1],"contentsRect":{"y":0,"x":0,"width":1,"height":1},"opacity":1,"edgeAntialiasingMask":251658240,"height":1080,"hidden":false,"anchorPoint":{"pointX":0.5,"pointY":0.5}},"layers":[{"animations":[],"initialState":{"affineTransform":[1,0,0,1,0,0],"masksToBounds":false,"rotation":0,"scale":1,"position":{"pointX":639,"pointY":204.34745788574219},"width":1088,"sublayerTransform":[1,0,0,0,0,1,0,0,0,0,1,0,0,0,0,1],"contentsRect":{"y":0,"x":0,"width":1,"height":1},"opacity":1,"edgeAntialiasingMask":251658240,"height":55,"hidden":false,"anchorPoint":{"pointX":0.5,"pointY":0.5}},"layers":[{"animations":[],"layers":[],"texturedRectangle":{"singleTextureOpacity":1,"textXHeight":0.50146484375,"textBaseline":0.73690867857499553,"isBackgroundTexture":true,"isVerticalText":false,"textColor":[0,0,0,1],"textureType":6},"initialState":{"affineTransform":[1,0,0,1,0,0],"masksToBounds":false,"rotation":0,"scale":1,"position":{"pointX":551,"pointY":41.652542114257812},"width":1088,"sublayerTransform":[1,0,0,0,0,1,0,0,0,0,1,0,0,0,0,1],"contentsRect":{"y":0,"x":0,"width":1,"height":1},"opacity":1,"edgeAntialiasingMask":0,"height":55,"hidden":false,"anchorPoint":{"pointX":0.5,"pointY":0.5}},"texture":"A26FE56739A7BF252D382EA1614A7ED2"}]}]},{"animations":[],"initialState":{"affineTransform":[1,0,0,1,0,0],"masksToBounds":false,"rotation":0,"scale":1,"position":{"pointX":960,"pointY":540},"width":1920,"sublayerTransform":[1,0,0,0,0,1,0,0,0,0,1,0,0,0,0,1],"contentsRect":{"y":0,"x":0,"width":1,"height":1},"opacity":1,"edgeAntialiasingMask":251658240,"height":1080,"hidden":false,"anchorPoint":{"pointX":0.5,"pointY":0.5}},"layers":[{"animations":[],"initialState":{"affineTransform":[1,0,0,1,0,0],"masksToBounds":false,"rotation":0,"scale":1,"position":{"pointX":864.76495361328125,"pointY":618.4302978515625},"width":652,"sublayerTransform":[1,0,0,0,0,1,0,0,0,0,1,0,0,0,0,1],"contentsRect":{"y":0,"x":0,"width":1,"height":1},"opacity":1,"edgeAntialiasingMask":251658240,"height":624,"hidden":false,"anchorPoint":{"pointX":0.5,"pointY":0.5}},"layers":[{"animations":[],"layers":[],"texturedRectangle":{"singleTextureOpacity":1,"textXHeight":0,"shapePath":{"lineWidth":1,"flatness":0.59999999999999998,"lineCapStyle":0,"elements":[{"type":"MoveToPoint","points":[[18.76495361328125,12.4302978515625]]},{"type":"AddLine","points":[[633.167724609375,12.4302978515625]]},{"type":"AddLine","points":[[633.167724609375,589.87032127380371]]},{"type":"AddLine","points":[[18.76495361328125,589.87032127380371]]},{"type":"CloseSubpath"},{"type":"MoveToPoint","points":[[18.76495361328125,12.4302978515625]]}],"windingRule":0,"lineJoinStyle":0,"miterLimit":10},"isBackgroundTexture":true,"textBaseline":0,"isVerticalText":false,"textureType":5},"initialState":{"affineTransform":[1,0,0,1,0,0],"masksToBounds":false,"rotation":0,"scale":1,"position":{"pointX":324.23504638671875,"pointY":310.5697021484375},"width":652,"sublayerTransform":[1,0,0,0,0,1,0,0,0,0,1,0,0,0,0,1],"contentsRect":{"y":0,"x":0,"width":1,"height":1},"opacity":1,"edgeAntialiasingMask":0,"height":624,"hidden":false,"anchorPoint":{"pointX":0.5,"pointY":0.5}},"texture":"B47D48B12AF0CD9A6D0D25F6C186645B"}]}]},{"animations":[],"initialState":{"affineTransform":[1,0,0,1,0,0],"masksToBounds":false,"rotation":0,"scale":1,"position":{"pointX":960,"pointY":540},"width":1920,"sublayerTransform":[1,0,0,0,0,1,0,0,0,0,1,0,0,0,0,1],"contentsRect":{"y":0,"x":0,"width":1,"height":1},"opacity":1,"edgeAntialiasingMask":251658240,"height":1080,"hidden":false,"anchorPoint":{"pointX":0.5,"pointY":0.5}},"layers":[{"animations":[],"initialState":{"affineTransform":[1,0,0,1,0,0],"masksToBounds":false,"rotation":0,"scale":1,"position":{"pointX":1191.8701171557996,"pointY":672.92242428212649},"width":60,"sublayerTransform":[1,0,0,0,0,1,0,0,0,0,1,0,0,0,0,1],"contentsRect":{"y":0,"x":0,"width":1,"height":1},"opacity":1,"edgeAntialiasingMask":251658240,"height":57,"hidden":false,"anchorPoint":{"pointX":0.5,"pointY":0.5}},"layers":[{"animations":[],"layers":[],"texturedRectangle":{"singleTextureOpacity":1,"textXHeight":0,"shapePath":{"lineWidth":1,"flatness":0.59999999999999998,"lineCapStyle":0,"elements":[{"type":"MoveToPoint","points":[[53.224288058756883,1.4385782755215359]]},{"type":"AddCurve","points":[[52.084320151130669,0.60545496698750867],[23.955914182831975,32.247577288243974],[18.924774142964225,38.520757397919169]]},{"type":"AddCurve","points":[[18.65942037505738,38.849094021714791],[18.374240753950517,39.16041154432105],[18.040431894878338,39.544003727650306]]},{"type":"AddCurve","points":[[17.697284910868348,39.13476759310015],[17.413707047785465,38.816489149590325],[17.151459582666348,38.483716888635627]]},{"type":"AddCurve","points":[[15.052452340158197,35.820356416576942],[13.708655354628945,33.6995657043135],[11.581492438963096,31.057094777285329]]},{"type":"AddCurve","points":[[10.732228917682278,30.002039367621364],[9.7626922462507082,29.038683182630848],[8.8636447969399796,28.019773016034833]]},{"type":"AddCurve","points":[[8.4351660475942936,27.534244826657869],[7.9327797865967113,27.548914984417934],[7.36813408420835,27.723448941766492]]},{"type":"AddCurve","points":[[6.7996354585841345,27.899174326629236],[6.0499364022025475,27.902429840140485],[5.3309058687225388,28.353137599586717]]},{"type":"AddCurve","points":[[5.0802151951340875,28.646203899570537],[5.4071351947577568,29.112246484118714],[5.4512875360012458,29.566214278622738]]},{"type":"AddCurve","points":[[5.5059626474962897,30.127745143847733],[3.4716574708463668,30.049927067062526],[2.409335475799935,30.765400766677431]]},{"type":"AddCurve","points":[[2.1651605810457113,30.929862979100562],[2.6309118376182141,31.598258336105573],[2.4741563735653926,31.770124580993524]]},{"type":"AddCurve","points":[[2.0046315857639456,32.284692403045483],[1.7082326642203043,32.163383830832572],[1.9648493373563269,32.79336864995139]]},{"type":"AddCurve","points":[[4.2506919002569248,38.405141452804401],[7.6654212777896191,43.158934973634132],[10.414716279184859,48.850431685140393]]},{"type":"AddCurve","points":[[14.788760240773172,57.905366702339961],[15.620723758045642,52.26600794402566],[16.882915863352309,53.350853563090823]]},{"type":"AddCurve","points":[[20.773055952491404,56.694559839668727],[19.061305645733682,57.606546734379663],[28.212683910315945,45.910341260759196]]},{"type":"AddCurve","points":[[32.081638290995215,40.473990899150522],[52.346357364314372,15.224277842916308],[56.863518461874719,10.268109507090344]]},{"type":"AddCurve","points":[[57.416467487372302,9.6615304736534426],[57.944733387806991,9.0608854048614376],[58.317358597471411,8.3049625150625843]]},{"type":"AddCurve","points":[[59.029122439731964,6.8611264474108111],[59.063725838908795,6.9034978600690238],[58.030294621652956,5.7306474024530871]]},{"type":"AddCurve","points":[[57.648630839539237,5.2975697181728947],[57.250924608676087,5.2088575401846811],[56.692206089208867,5.2352305907857044]]},{"type":"AddCurve","points":[[55.624248339075166,5.2856020322624317],[55.092763097177794,4.6787709226057359],[55.205955504729445,3.7026793778807132]]},{"type":"AddCurve","points":[[55.23100035355219,3.4865094656789779],[55.175584273542881,3.2061143759880224],[55.039273196189697,3.0452103380978315]]},{"type":"AddCurve","points":[[54.718654820097981,2.6665086312502808],[53.627736654307682,1.7334207385588343],[53.224288058756883,1.4385782755215359]]},{"type":"CloseSubpath"},{"type":"MoveToPoint","points":[[53.224288058756883,1.4385782755215359]]}],"windingRule":0,"lineJoinStyle":0,"miterLimit":10},"isBackgroundTexture":true,"textBaseline":0,"isVerticalText":false,"textureType":5},"initialState":{"affineTransform":[1,0,0,1,0,0],"masksToBounds":false,"rotation":0,"scale":1,"position":{"pointX":28.129882844200438,"pointY":27.077575717873515},"width":60,"sublayerTransform":[1,0,0,0,0,1,0,0,0,0,1,0,0,0,0,1],"contentsRect":{"y":0,"x":0,"width":1,"height":1},"opacity":1,"edgeAntialiasingMask":0,"height":57,"hidden":false,"anchorPoint":{"pointX":0.5,"pointY":0.5}},"texture":"FFECC56B5AB14AAF54DD363FE3E50778"}]}]},{"animations":[],"initialState":{"affineTransform":[1,0,0,1,0,0],"masksToBounds":false,"rotation":0,"scale":1,"position":{"pointX":960,"pointY":540},"width":1920,"sublayerTransform":[1,0,0,0,0,1,0,0,0,0,1,0,0,0,0,1],"contentsRect":{"y":0,"x":0,"width":1,"height":1},"opacity":1,"edgeAntialiasingMask":251658240,"height":1080,"hidden":false,"anchorPoint":{"pointX":0.5,"pointY":0.5}},"layers":[{"animations":[],"initialState":{"affineTransform":[1,0,0,1,0,0],"masksToBounds":false,"rotation":0,"scale":1,"position":{"pointX":1191.8701171557996,"pointY":836.61236568837649},"width":60,"sublayerTransform":[1,0,0,0,0,1,0,0,0,0,1,0,0,0,0,1],"contentsRect":{"y":0,"x":0,"width":1,"height":1},"opacity":1,"edgeAntialiasingMask":251658240,"height":57,"hidden":false,"anchorPoint":{"pointX":0.5,"pointY":0.5}},"objectID":"522A94AF-F97B-4E1D-81AF-E2E5B531A542","layers":[{"animations":[],"layers":[],"texturedRectangle":{"singleTextureOpacity":1,"textXHeight":0,"shapePath":{"lineWidth":1,"flatness":0.59999999999999998,"lineCapStyle":0,"elements":[{"type":"MoveToPoint","points":[[53.224288058756883,1.1285196817715359]]},{"type":"AddCurve","points":[[52.084320151130669,0.29539637323750867],[23.955914182831975,31.937518694493974],[18.924774142964225,38.210698804169169]]},{"type":"AddCurve","points":[[18.65942037505738,38.539035427964791],[18.374240753950517,38.85035295057105],[18.040431894878338,39.233945133900306]]},{"type":"AddCurve","points":[[17.697284910868348,38.82470899935015],[17.413707047785465,38.506430555840325],[17.151459582666348,38.173658294885627]]},{"type":"AddCurve","points":[[15.052452340158197,35.510297822826942],[13.708655354628945,33.3895071105635],[11.581492438963096,30.747036183535329]]},{"type":"AddCurve","points":[[10.732228917682278,29.691980773871364],[9.7626922462507082,28.728624588880848],[8.8636447969399796,27.709714422284833]]},{"type":"AddCurve","points":[[8.4351660475942936,27.224186232907869],[7.9327797865967113,27.238856390667934],[7.36813408420835,27.413390348016492]]},{"type":"AddCurve","points":[[6.7996354585841345,27.589115732879236],[6.0499364022025475,27.592371246390485],[5.3309058687225388,28.043079005836717]]},{"type":"AddCurve","points":[[5.0802151951340875,28.336145305820537],[5.4071351947577568,28.802187890368714],[5.4512875360012458,29.256155684872738]]},{"type":"AddCurve","points":[[5.5059626474962897,29.817686550097733],[3.4716574708463668,29.739868473312526],[2.409335475799935,30.455342172927431]]},{"type":"AddCurve","points":[[2.1651605810457113,30.619804385350562],[2.6309118376182141,31.288199742355573],[2.4741563735653926,31.460065987243524]]},{"type":"AddCurve","points":[[2.0046315857639456,31.974633809295483],[1.7082326642203043,31.853325237082572],[1.9648493373563269,32.48331005620139]]},{"type":"AddCurve","points":[[4.2506919002569248,38.095082859054401],[7.6654212777896191,42.848876379884132],[10.414716279184859,48.540373091390393]]},{"type":"AddCurve","points":[[14.788760240773172,57.595308108589961],[15.620723758045642,51.95594935027566],[16.882915863352309,53.040794969340823]]},{"type":"AddCurve","points":[[20.773055952491404,56.384501245918727],[19.061305645733682,57.296488140629663],[28.212683910315945,45.600282667009196]]},{"type":"AddCurve","points":[[32.081638290995215,40.163932305400522],[52.346357364314372,14.914219249166308],[56.863518461874719,9.9580509133403439]]},{"type":"AddCurve","points":[[57.416467487372302,9.3514718799034426],[57.944733387806991,8.7508268111114376],[58.317358597471411,7.9949039213125843]]},{"type":"AddCurve","points":[[59.029122439731964,6.5510678536608111],[59.063725838908795,6.5934392663190238],[58.030294621652956,5.4205888087030871]]},{"type":"AddCurve","points":[[57.648630839539237,4.9875111244228947],[57.250924608676087,4.8987989464346811],[56.692206089208867,4.9251719970357044]]},{"type":"AddCurve","points":[[55.624248339075166,4.9755434385124317],[55.092763097177794,4.3687123288557359],[55.205955504729445,3.3926207841307132]]},{"type":"AddCurve","points":[[55.23100035355219,3.1764508719289779],[55.175584273542881,2.8960557822380224],[55.039273196189697,2.7351517443478315]]},{"type":"AddCurve","points":[[54.718654820097981,2.3564500375002808],[53.627736654307682,1.4233621448088343],[53.224288058756883,1.1285196817715359]]},{"type":"CloseSubpath"},{"type":"MoveToPoint","points":[[53.224288058756883,1.1285196817715359]]}],"windingRule":0,"lineJoinStyle":0,"miterLimit":10},"isBackgroundTexture":true,"textBaseline":0,"isVerticalText":false,"textureType":5},"initialState":{"affineTransform":[1,0,0,1,0,0],"masksToBounds":false,"rotation":0,"scale":1,"position":{"pointX":28.129882844200438,"pointY":27.387634311623515},"width":60,"sublayerTransform":[1,0,0,0,0,1,0,0,0,0,1,0,0,0,0,1],"contentsRect":{"y":0,"x":0,"width":1,"height":1},"opacity":1,"edgeAntialiasingMask":0,"height":57,"hidden":true,"anchorPoint":{"pointX":0.5,"pointY":0.5}},"texture":"FDA537752298C85A388732E608F21EE9"}]}]},{"animations":[],"initialState":{"affineTransform":[1,0,0,1,0,0],"masksToBounds":false,"rotation":0,"scale":1,"position":{"pointX":960,"pointY":540},"width":1920,"sublayerTransform":[1,0,0,0,0,1,0,0,0,0,1,0,0,0,0,1],"contentsRect":{"y":0,"x":0,"width":1,"height":1},"opacity":1,"edgeAntialiasingMask":251658240,"height":1080,"hidden":false,"anchorPoint":{"pointX":0.5,"pointY":0.5}},"layers":[{"animations":[],"initialState":{"affineTransform":[1,0,0,1,0,0],"masksToBounds":false,"rotation":0,"scale":1,"position":{"pointX":1191.8701171557996,"pointY":754.76745602040774},"width":60,"sublayerTransform":[1,0,0,0,0,1,0,0,0,0,1,0,0,0,0,1],"contentsRect":{"y":0,"x":0,"width":1,"height":1},"opacity":1,"edgeAntialiasingMask":251658240,"height":57,"hidden":false,"anchorPoint":{"pointX":0.5,"pointY":0.5}},"objectID":"43538BBF-949A-43AA-BE80-232189A7DA32","layers":[{"animations":[],"layers":[],"texturedRectangle":{"singleTextureOpacity":1,"textXHeight":0,"shapePath":{"lineWidth":1,"flatness":0.59999999999999998,"lineCapStyle":0,"elements":[{"type":"MoveToPoint","points":[[53.224288058756883,1.2836100138027859]]},{"type":"AddCurve","points":[[52.084320151130669,0.45048670526875867],[23.955914182831975,32.092609026525224],[18.924774142964225,38.365789136200419]]},{"type":"AddCurve","points":[[18.65942037505738,38.694125759996041],[18.374240753950517,39.0054432826023],[18.040431894878338,39.389035465931556]]},{"type":"AddCurve","points":[[17.697284910868348,38.9797993313814],[17.413707047785465,38.661520887871575],[17.151459582666348,38.328748626916877]]},{"type":"AddCurve","points":[[15.052452340158197,35.665388154858192],[13.708655354628945,33.54459744259475],[11.581492438963096,30.902126515566579]]},{"type":"AddCurve","points":[[10.732228917682278,29.847071105902614],[9.7626922462507082,28.883714920912098],[8.8636447969399796,27.864804754316083]]},{"type":"AddCurve","points":[[8.4351660475942936,27.379276564939119],[7.9327797865967113,27.393946722699184],[7.36813408420835,27.568480680047742]]},{"type":"AddCurve","points":[[6.7996354585841345,27.744206064910486],[6.0499364022025475,27.747461578421735],[5.3309058687225388,28.198169337867967]]},{"type":"AddCurve","points":[[5.0802151951340875,28.491235637851787],[5.4071351947577568,28.957278222399964],[5.4512875360012458,29.411246016903988]]},{"type":"AddCurve","points":[[5.5059626474962897,29.972776882128983],[3.4716574708463668,29.894958805343776],[2.409335475799935,30.610432504958681]]},{"type":"AddCurve","points":[[2.1651605810457113,30.774894717381812],[2.6309118376182141,31.443290074386823],[2.4741563735653926,31.615156319274774]]},{"type":"AddCurve","points":[[2.0046315857639456,32.129724141326733],[1.7082326642203043,32.008415569113822],[1.9648493373563269,32.63840038823264]]},{"type":"AddCurve","points":[[4.2506919002569248,38.250173191085651],[7.6654212777896191,43.003966711915382],[10.414716279184859,48.695463423421643]]},{"type":"AddCurve","points":[[14.788760240773172,57.750398440621211],[15.620723758045642,52.11103968230691],[16.882915863352309,53.195885301372073]]},{"type":"AddCurve","points":[[20.773055952491404,56.539591577949977],[19.061305645733682,57.451578472660913],[28.212683910315945,45.755372999040446]]},{"type":"AddCurve","points":[[32.081638290995215,40.319022637431772],[52.346357364314372,15.069309581197558],[56.863518461874719,10.113141245371594]]},{"type":"AddCurve","points":[[57.416467487372302,9.5065622119346926],[57.944733387806991,8.9059171431426876],[58.317358597471411,8.1499942533438343]]},{"type":"AddCurve","points":[[59.029122439731964,6.7061581856920611],[59.063725838908795,6.7485295983502738],[58.030294621652956,5.5756791407343371]]},{"type":"AddCurve","points":[[57.648630839539237,5.1426014564541447],[57.250924608676087,5.0538892784659311],[56.692206089208867,5.0802623290669544]]},{"type":"AddCurve","points":[[55.624248339075166,5.1306337705436817],[55.092763097177794,4.5238026608869859],[55.205955504729445,3.5477111161619632]]},{"type":"AddCurve","points":[[55.23100035355219,3.3315412039602279],[55.175584273542881,3.0511461142692724],[55.039273196189697,2.8902420763790815]]},{"type":"AddCurve","points":[[54.718654820097981,2.5115403695315308],[53.627736654307682,1.5784524768400843],[53.224288058756883,1.2836100138027859]]},{"type":"CloseSubpath"},{"type":"MoveToPoint","points":[[53.224288058756883,1.2836100138027859]]}],"windingRule":0,"lineJoinStyle":0,"miterLimit":10},"isBackgroundTexture":true,"textBaseline":0,"isVerticalText":false,"textureType":5},"initialState":{"affineTransform":[1,0,0,1,0,0],"masksToBounds":false,"rotation":0,"scale":1,"position":{"pointX":28.129882844200438,"pointY":27.232543979592265},"width":60,"sublayerTransform":[1,0,0,0,0,1,0,0,0,0,1,0,0,0,0,1],"contentsRect":{"y":0,"x":0,"width":1,"height":1},"opacity":1,"edgeAntialiasingMask":0,"height":57,"hidden":true,"anchorPoint":{"pointX":0.5,"pointY":0.5}},"texture":"1643F68125971CDBB160E928C474F742"}]}]},{"animations":[],"initialState":{"affineTransform":[1,0,0,1,0,0],"masksToBounds":false,"rotation":0,"scale":1,"position":{"pointX":960,"pointY":540},"width":1920,"sublayerTransform":[1,0,0,0,0,1,0,0,0,0,1,0,0,0,0,1],"contentsRect":{"y":0,"x":0,"width":1,"height":1},"opacity":1,"edgeAntialiasingMask":251658240,"height":1080,"hidden":false,"anchorPoint":{"pointX":0.5,"pointY":0.5}},"layers":[{"animations":[],"initialState":{"affineTransform":[1,0,0,1,0,0],"masksToBounds":false,"rotation":0,"scale":1,"position":{"pointX":900.36221313476562,"pointY":981.88336050510406},"width":1061,"sublayerTransform":[1,0,0,0,0,1,0,0,0,0,1,0,0,0,0,1],"contentsRect":{"y":0,"x":0,"width":1,"height":1},"opacity":1,"edgeAntialiasingMask":251658240,"height":50,"hidden":false,"anchorPoint":{"pointX":0.5,"pointY":0.5}},"layers":[{"animations":[],"layers":[],"texturedRectangle":{"singleTextureOpacity":1,"textXHeight":0.44970703125,"textBaseline":0.74719846010208135,"isBackgroundTexture":true,"isVerticalText":false,"textColor":[0,0,0,1],"textureType":6},"initialState":{"affineTransform":[1,0,0,1,0,0],"masksToBounds":false,"rotation":0,"scale":1,"position":{"pointX":535.63778686523438,"pointY":38.116639494895935},"width":1061,"sublayerTransform":[1,0,0,0,0,1,0,0,0,0,1,0,0,0,0,1],"contentsRect":{"y":0,"x":0,"width":1,"height":1},"opacity":1,"edgeAntialiasingMask":0,"height":50,"hidden":false,"anchorPoint":{"pointX":0.5,"pointY":0.5}},"texture":"F5F63F72589EB65DE4942AA8B9F6880B"}]}]}]}},{"effects":[{"beginTime":0,"baseLayer":{"animations":[],"initialState":{"affineTransform":[1,0,0,1,0,0],"masksToBounds":false,"rotation":0,"scale":1,"position":{"pointX":1191.8701171557996,"pointY":836.61236568837649},"width":60,"sublayerTransform":[1,0,0,0,0,1,0,0,0,0,1,0,0,0,0,1],"contentsRect":{"y":0,"x":0,"width":1,"height":1},"opacity":1,"edgeAntialiasingMask":251658240,"height":57,"hidden":false,"anchorPoint":{"pointX":0.5,"pointY":0.5}},"objectID":"522A94AF-F97B-4E1D-81AF-E2E5B531A542","layers":[{"animations":[],"initialState":{"affineTransform":[1,0,0,1,0,0],"masksToBounds":false,"rotation":0,"scale":1,"position":{"pointX":-201.87011715579956,"pointY":-268.11236568837649},"width":60,"sublayerTransform":[1,0,0,0,0,1,0,0,0,0,1,-0.00035007912466775983,0,0,0,1],"contentsRect":{"y":0,"x":0,"width":1,"height":1},"opacity":1,"edgeAntialiasingMask":251658240,"height":57,"hidden":false,"anchorPoint":{"pointX":-3.3645019525966595,"pointY":-4.7037257138311661}},"layers":[{"animations":[{"additive":false,"timeOffset":0,"beginTime":1e-100,"repeatCount":0,"fillMode":"both","duration":0.01,"autoreverses":false,"animations":[{"additive":false,"timeOffset":0,"beginTime":0,"from":{"scalar":true},"repeatCount":0,"fillMode":"both","duration":0.0001,"autoreverses":false,"property":"hidden","to":{"scalar":false},"removedOnCompletion":true},{"additive":false,"timeOffset":0,"beginTime":0.0001,"from":{"scalar":false},"repeatCount":0,"fillMode":"forwards","duration":0.0099000000000000008,"autoreverses":false,"property":"hidden","to":{"scalar":false},"removedOnCompletion":true}],"removedOnCompletion":false}],"layers":[],"texturedRectangle":{"singleTextureOpacity":1,"textXHeight":0,"shapePath":{"lineWidth":1,"flatness":0.59999999999999998,"lineCapStyle":0,"elements":[{"type":"MoveToPoint","points":[[53.224288058756883,1.1285196817715359]]},{"type":"AddCurve","points":[[52.084320151130669,0.29539637323750867],[23.955914182831975,31.937518694493974],[18.924774142964225,38.210698804169169]]},{"type":"AddCurve","points":[[18.65942037505738,38.539035427964791],[18.374240753950517,38.85035295057105],[18.040431894878338,39.233945133900306]]},{"type":"AddCurve","points":[[17.697284910868348,38.82470899935015],[17.413707047785465,38.506430555840325],[17.151459582666348,38.173658294885627]]},{"type":"AddCurve","points":[[15.052452340158197,35.510297822826942],[13.708655354628945,33.3895071105635],[11.581492438963096,30.747036183535329]]},{"type":"AddCurve","points":[[10.732228917682278,29.691980773871364],[9.7626922462507082,28.728624588880848],[8.8636447969399796,27.709714422284833]]},{"type":"AddCurve","points":[[8.4351660475942936,27.224186232907869],[7.9327797865967113,27.238856390667934],[7.36813408420835,27.413390348016492]]},{"type":"AddCurve","points":[[6.7996354585841345,27.589115732879236],[6.0499364022025475,27.592371246390485],[5.3309058687225388,28.043079005836717]]},{"type":"AddCurve","points":[[5.0802151951340875,28.336145305820537],[5.4071351947577568,28.802187890368714],[5.4512875360012458,29.256155684872738]]},{"type":"AddCurve","points":[[5.5059626474962897,29.817686550097733],[3.4716574708463668,29.739868473312526],[2.409335475799935,30.455342172927431]]},{"type":"AddCurve","points":[[2.1651605810457113,30.619804385350562],[2.6309118376182141,31.288199742355573],[2.4741563735653926,31.460065987243524]]},{"type":"AddCurve","points":[[2.0046315857639456,31.974633809295483],[1.7082326642203043,31.853325237082572],[1.9648493373563269,32.48331005620139]]},{"type":"AddCurve","points":[[4.2506919002569248,38.095082859054401],[7.6654212777896191,42.848876379884132],[10.414716279184859,48.540373091390393]]},{"type":"AddCurve","points":[[14.788760240773172,57.595308108589961],[15.620723758045642,51.95594935027566],[16.882915863352309,53.040794969340823]]},{"type":"AddCurve","points":[[20.773055952491404,56.384501245918727],[19.061305645733682,57.296488140629663],[28.212683910315945,45.600282667009196]]},{"type":"AddCurve","points":[[32.081638290995215,40.163932305400522],[52.346357364314372,14.914219249166308],[56.863518461874719,9.9580509133403439]]},{"type":"AddCurve","points":[[57.416467487372302,9.3514718799034426],[57.944733387806991,8.7508268111114376],[58.317358597471411,7.9949039213125843]]},{"type":"AddCurve","points":[[59.029122439731964,6.5510678536608111],[59.063725838908795,6.5934392663190238],[58.030294621652956,5.4205888087030871]]},{"type":"AddCurve","points":[[57.648630839539237,4.9875111244228947],[57.250924608676087,4.8987989464346811],[56.692206089208867,4.9251719970357044]]},{"type":"AddCurve","points":[[55.624248339075166,4.9755434385124317],[55.092763097177794,4.3687123288557359],[55.205955504729445,3.3926207841307132]]},{"type":"AddCurve","points":[[55.23100035355219,3.1764508719289779],[55.175584273542881,2.8960557822380224],[55.039273196189697,2.7351517443478315]]},{"type":"AddCurve","points":[[54.718654820097981,2.3564500375002808],[53.627736654307682,1.4233621448088343],[53.224288058756883,1.1285196817715359]]},{"type":"CloseSubpath"},{"type":"MoveToPoint","points":[[53.224288058756883,1.1285196817715359]]}],"windingRule":0,"lineJoinStyle":0,"miterLimit":10},"isBackgroundTexture":true,"textBaseline":0,"isVerticalText":false,"textureType":5},"initialState":{"affineTransform":[1,0,0,1,0,0],"masksToBounds":false,"rotation":0,"scale":1,"position":{"pointX":28.129882844200438,"pointY":27.387634311623515},"width":60,"sublayerTransform":[1,0,0,0,0,1,0,0,0,0,1,0,0,0,0,1],"contentsRect":{"y":0,"x":0,"width":1,"height":1},"opacity":1,"edgeAntialiasingMask":0,"height":57,"hidden":true,"anchorPoint":{"pointX":0.5,"pointY":0.5}},"texture":"FDA537752298C85A388732E608F21EE9"}]}]},"effects":[],"duration":0.01,"type":"buildIn","attributes":{"direction":0},"name":"apple:bc-appear","objectID":"522A94AF-F97B-4E1D-81AF-E2E5B531A542"}],"automaticPlay":false,"hyperlinks":[],"accessibility":[{"text":"Refutation Proof","targetRectangle":{"y":79,"x":99,"width":699.61640685796738,"height":98}},{"text":"Repeat for each resolvent until meet a contradiction ","targetRectangle":{"y":960.88336050510406,"x":373.86221313476562,"width":1074.6826171875,"height":58}},{"text":"Resolution Proof in Propositional Logic","targetRectangle":{"y":180.44745779037476,"x":98.599999904632568,"width":1091.4599609375,"height":64}},{"text":"equation.pdf","targetRectangle":{"y":355.4302978515625,"x":595.53490230716091,"width":534.86287360833455,"height":500.86435820677571}},{"text":"￼","targetRectangle":{"y":355.4302978515625,"x":595.53490230716091,"width":534.86287360833455,"height":500.86435820677571}}],"baseLayer":{"animations":[],"initialState":{"affineTransform":[1,0,0,1,0,0],"masksToBounds":false,"rotation":0,"scale":1,"position":{"pointX":960,"pointY":540},"width":1920,"sublayerTransform":[1,0,0,0,0,1,0,0,0,0,1,0,0,0,0,1],"contentsRect":{"y":0,"x":0,"width":1,"height":1},"opacity":1,"edgeAntialiasingMask":251658240,"height":1080,"hidden":false,"anchorPoint":{"pointX":0.5,"pointY":0.5}},"layers":[{"animations":[],"initialState":{"affineTransform":[1,0,0,1,0,0],"masksToBounds":false,"rotation":0,"scale":1,"position":{"pointX":960,"pointY":540},"width":1920,"sublayerTransform":[1,0,0,0,0,1,0,0,0,0,1,0,0,0,0,1],"contentsRect":{"y":0,"x":0,"width":1,"height":1},"opacity":1,"edgeAntialiasingMask":251658240,"height":1080,"hidden":false,"anchorPoint":{"pointX":0.5,"pointY":0.5}},"layers":[{"animations":[],"initialState":{"affineTransform":[1,0,0,1,0,0],"masksToBounds":false,"rotation":0,"scale":1,"position":{"pointX":960,"pointY":540},"width":1920,"sublayerTransform":[1,0,0,0,0,1,0,0,0,0,1,0,0,0,0,1],"contentsRect":{"y":0,"x":0,"width":1,"height":1},"opacity":1,"edgeAntialiasingMask":251658240,"height":1080,"hidden":false,"anchorPoint":{"pointX":0.5,"pointY":0.5}},"layers":[{"animations":[],"layers":[],"texturedRectangle":{"isBackgroundTexture":true,"singleTextureOpacity":1,"textureType":1,"textBaseline":0,"textXHeight":0,"isVerticalText":false},"initialState":{"affineTransform":[1,0,0,1,0,0],"masksToBounds":false,"rotation":0,"scale":1,"position":{"pointX":960,"pointY":540},"width":1920,"sublayerTransform":[1,0,0,0,0,1,0,0,0,0,1,0,0,0,0,1],"contentsRect":{"y":0,"x":0,"width":1,"height":1},"opacity":1,"edgeAntialiasingMask":0,"height":1080,"hidden":false,"anchorPoint":{"pointX":0.5,"pointY":0.5}},"texture":"C25C25FF361FB24FC35F6B120D2F252D"}]}]},{"animations":[],"initialState":{"affineTransform":[1,0,0,1,0,0],"masksToBounds":false,"rotation":0,"scale":1,"position":{"pointX":960,"pointY":540},"width":1920,"sublayerTransform":[1,0,0,0,0,1,0,0,0,0,1,0,0,0,0,1],"contentsRect":{"y":0,"x":0,"width":1,"height":1},"opacity":1,"edgeAntialiasingMask":251658240,"height":1080,"hidden":false,"anchorPoint":{"pointX":0.5,"pointY":0.5}},"layers":[{"animations":[],"initialState":{"affineTransform":[1,0,0,1,0,0],"masksToBounds":false,"rotation":0,"scale":1,"position":{"pointX":444.5,"pointY":106},"width":699,"sublayerTransform":[1,0,0,0,0,1,0,0,0,0,1,0,0,0,0,1],"contentsRect":{"y":0,"x":0,"width":1,"height":1},"opacity":1,"edgeAntialiasingMask":251658240,"height":62,"hidden":false,"anchorPoint":{"pointX":0.5,"pointY":0.5}},"layers":[{"animations":[],"layers":[],"texturedRectangle":{"singleTextureOpacity":1,"textXHeight":0.68749212449596775,"textBaseline":0.96833259828629037,"isBackgroundTexture":true,"isVerticalText":false,"textColor":[0,0.30196079611778259,0.50196081399917603,1],"textureType":6},"initialState":{"affineTransform":[1,0,0,1,0,0],"masksToBounds":false,"rotation":0,"scale":1,"position":{"pointX":359.5,"pointY":53},"width":699,"sublayerTransform":[1,0,0,0,0,1,0,0,0,0,1,0,0,0,0,1],"contentsRect":{"y":0,"x":0,"width":1,"height":1},"opacity":1,"edgeAntialiasingMask":0,"height":62,"hidden":false,"anchorPoint":{"pointX":0.5,"pointY":0.5}},"texture":"D6F56D0AF44F25A51EFBEA5ADAF4E1F6"}]}]},{"animations":[],"initialState":{"affineTransform":[1,0,0,1,0,0],"masksToBounds":false,"rotation":0,"scale":1,"position":{"pointX":960,"pointY":540},"width":1920,"sublayerTransform":[1,0,0,0,0,1,0,0,0,0,1,0,0,0,0,1],"contentsRect":{"y":0,"x":0,"width":1,"height":1},"opacity":1,"edgeAntialiasingMask":251658240,"height":1080,"hidden":false,"anchorPoint":{"pointX":0.5,"pointY":0.5}},"layers":[{"animations":[],"initialState":{"affineTransform":[1,0,0,1,0,0],"masksToBounds":false,"rotation":0,"scale":1,"position":{"pointX":639,"pointY":204.34745788574219},"width":1088,"sublayerTransform":[1,0,0,0,0,1,0,0,0,0,1,0,0,0,0,1],"contentsRect":{"y":0,"x":0,"width":1,"height":1},"opacity":1,"edgeAntialiasingMask":251658240,"height":55,"hidden":false,"anchorPoint":{"pointX":0.5,"pointY":0.5}},"layers":[{"animations":[],"layers":[],"texturedRectangle":{"singleTextureOpacity":1,"textXHeight":0.50146484375,"textBaseline":0.73690867857499553,"isBackgroundTexture":true,"isVerticalText":false,"textColor":[0,0,0,1],"textureType":6},"initialState":{"affineTransform":[1,0,0,1,0,0],"masksToBounds":false,"rotation":0,"scale":1,"position":{"pointX":551,"pointY":41.652542114257812},"width":1088,"sublayerTransform":[1,0,0,0,0,1,0,0,0,0,1,0,0,0,0,1],"contentsRect":{"y":0,"x":0,"width":1,"height":1},"opacity":1,"edgeAntialiasingMask":0,"height":55,"hidden":false,"anchorPoint":{"pointX":0.5,"pointY":0.5}},"texture":"A26FE56739A7BF252D382EA1614A7ED2"}]}]},{"animations":[],"initialState":{"affineTransform":[1,0,0,1,0,0],"masksToBounds":false,"rotation":0,"scale":1,"position":{"pointX":960,"pointY":540},"width":1920,"sublayerTransform":[1,0,0,0,0,1,0,0,0,0,1,0,0,0,0,1],"contentsRect":{"y":0,"x":0,"width":1,"height":1},"opacity":1,"edgeAntialiasingMask":251658240,"height":1080,"hidden":false,"anchorPoint":{"pointX":0.5,"pointY":0.5}},"layers":[{"animations":[],"initialState":{"affineTransform":[1,0,0,1,0,0],"masksToBounds":false,"rotation":0,"scale":1,"position":{"pointX":864.76495361328125,"pointY":618.4302978515625},"width":652,"sublayerTransform":[1,0,0,0,0,1,0,0,0,0,1,0,0,0,0,1],"contentsRect":{"y":0,"x":0,"width":1,"height":1},"opacity":1,"edgeAntialiasingMask":251658240,"height":624,"hidden":false,"anchorPoint":{"pointX":0.5,"pointY":0.5}},"layers":[{"animations":[],"layers":[],"texturedRectangle":{"singleTextureOpacity":1,"textXHeight":0,"shapePath":{"lineWidth":1,"flatness":0.59999999999999998,"lineCapStyle":0,"elements":[{"type":"MoveToPoint","points":[[18.76495361328125,12.4302978515625]]},{"type":"AddLine","points":[[633.167724609375,12.4302978515625]]},{"type":"AddLine","points":[[633.167724609375,589.87032127380371]]},{"type":"AddLine","points":[[18.76495361328125,589.87032127380371]]},{"type":"CloseSubpath"},{"type":"MoveToPoint","points":[[18.76495361328125,12.4302978515625]]}],"windingRule":0,"lineJoinStyle":0,"miterLimit":10},"isBackgroundTexture":true,"textBaseline":0,"isVerticalText":false,"textureType":5},"initialState":{"affineTransform":[1,0,0,1,0,0],"masksToBounds":false,"rotation":0,"scale":1,"position":{"pointX":324.23504638671875,"pointY":310.5697021484375},"width":652,"sublayerTransform":[1,0,0,0,0,1,0,0,0,0,1,0,0,0,0,1],"contentsRect":{"y":0,"x":0,"width":1,"height":1},"opacity":1,"edgeAntialiasingMask":0,"height":624,"hidden":false,"anchorPoint":{"pointX":0.5,"pointY":0.5}},"texture":"B47D48B12AF0CD9A6D0D25F6C186645B"}]}]},{"animations":[],"initialState":{"affineTransform":[1,0,0,1,0,0],"masksToBounds":false,"rotation":0,"scale":1,"position":{"pointX":960,"pointY":540},"width":1920,"sublayerTransform":[1,0,0,0,0,1,0,0,0,0,1,0,0,0,0,1],"contentsRect":{"y":0,"x":0,"width":1,"height":1},"opacity":1,"edgeAntialiasingMask":251658240,"height":1080,"hidden":false,"anchorPoint":{"pointX":0.5,"pointY":0.5}},"layers":[{"animations":[],"initialState":{"affineTransform":[1,0,0,1,0,0],"masksToBounds":false,"rotation":0,"scale":1,"position":{"pointX":1191.8701171557996,"pointY":672.92242428212649},"width":60,"sublayerTransform":[1,0,0,0,0,1,0,0,0,0,1,0,0,0,0,1],"contentsRect":{"y":0,"x":0,"width":1,"height":1},"opacity":1,"edgeAntialiasingMask":251658240,"height":57,"hidden":false,"anchorPoint":{"pointX":0.5,"pointY":0.5}},"layers":[{"animations":[],"layers":[],"texturedRectangle":{"singleTextureOpacity":1,"textXHeight":0,"shapePath":{"lineWidth":1,"flatness":0.59999999999999998,"lineCapStyle":0,"elements":[{"type":"MoveToPoint","points":[[53.224288058756883,1.4385782755215359]]},{"type":"AddCurve","points":[[52.084320151130669,0.60545496698750867],[23.955914182831975,32.247577288243974],[18.924774142964225,38.520757397919169]]},{"type":"AddCurve","points":[[18.65942037505738,38.849094021714791],[18.374240753950517,39.16041154432105],[18.040431894878338,39.544003727650306]]},{"type":"AddCurve","points":[[17.697284910868348,39.13476759310015],[17.413707047785465,38.816489149590325],[17.151459582666348,38.483716888635627]]},{"type":"AddCurve","points":[[15.052452340158197,35.820356416576942],[13.708655354628945,33.6995657043135],[11.581492438963096,31.057094777285329]]},{"type":"AddCurve","points":[[10.732228917682278,30.002039367621364],[9.7626922462507082,29.038683182630848],[8.8636447969399796,28.019773016034833]]},{"type":"AddCurve","points":[[8.4351660475942936,27.534244826657869],[7.9327797865967113,27.548914984417934],[7.36813408420835,27.723448941766492]]},{"type":"AddCurve","points":[[6.7996354585841345,27.899174326629236],[6.0499364022025475,27.902429840140485],[5.3309058687225388,28.353137599586717]]},{"type":"AddCurve","points":[[5.0802151951340875,28.646203899570537],[5.4071351947577568,29.112246484118714],[5.4512875360012458,29.566214278622738]]},{"type":"AddCurve","points":[[5.5059626474962897,30.127745143847733],[3.4716574708463668,30.049927067062526],[2.409335475799935,30.765400766677431]]},{"type":"AddCurve","points":[[2.1651605810457113,30.929862979100562],[2.6309118376182141,31.598258336105573],[2.4741563735653926,31.770124580993524]]},{"type":"AddCurve","points":[[2.0046315857639456,32.284692403045483],[1.7082326642203043,32.163383830832572],[1.9648493373563269,32.79336864995139]]},{"type":"AddCurve","points":[[4.2506919002569248,38.405141452804401],[7.6654212777896191,43.158934973634132],[10.414716279184859,48.850431685140393]]},{"type":"AddCurve","points":[[14.788760240773172,57.905366702339961],[15.620723758045642,52.26600794402566],[16.882915863352309,53.350853563090823]]},{"type":"AddCurve","points":[[20.773055952491404,56.694559839668727],[19.061305645733682,57.606546734379663],[28.212683910315945,45.910341260759196]]},{"type":"AddCurve","points":[[32.081638290995215,40.473990899150522],[52.346357364314372,15.224277842916308],[56.863518461874719,10.268109507090344]]},{"type":"AddCurve","points":[[57.416467487372302,9.6615304736534426],[57.944733387806991,9.0608854048614376],[58.317358597471411,8.3049625150625843]]},{"type":"AddCurve","points":[[59.029122439731964,6.8611264474108111],[59.063725838908795,6.9034978600690238],[58.030294621652956,5.7306474024530871]]},{"type":"AddCurve","points":[[57.648630839539237,5.2975697181728947],[57.250924608676087,5.2088575401846811],[56.692206089208867,5.2352305907857044]]},{"type":"AddCurve","points":[[55.624248339075166,5.2856020322624317],[55.092763097177794,4.6787709226057359],[55.205955504729445,3.7026793778807132]]},{"type":"AddCurve","points":[[55.23100035355219,3.4865094656789779],[55.175584273542881,3.2061143759880224],[55.039273196189697,3.0452103380978315]]},{"type":"AddCurve","points":[[54.718654820097981,2.6665086312502808],[53.627736654307682,1.7334207385588343],[53.224288058756883,1.4385782755215359]]},{"type":"CloseSubpath"},{"type":"MoveToPoint","points":[[53.224288058756883,1.4385782755215359]]}],"windingRule":0,"lineJoinStyle":0,"miterLimit":10},"isBackgroundTexture":true,"textBaseline":0,"isVerticalText":false,"textureType":5},"initialState":{"affineTransform":[1,0,0,1,0,0],"masksToBounds":false,"rotation":0,"scale":1,"position":{"pointX":28.129882844200438,"pointY":27.077575717873515},"width":60,"sublayerTransform":[1,0,0,0,0,1,0,0,0,0,1,0,0,0,0,1],"contentsRect":{"y":0,"x":0,"width":1,"height":1},"opacity":1,"edgeAntialiasingMask":0,"height":57,"hidden":false,"anchorPoint":{"pointX":0.5,"pointY":0.5}},"texture":"FFECC56B5AB14AAF54DD363FE3E50778"}]}]},{"animations":[],"initialState":{"affineTransform":[1,0,0,1,0,0],"masksToBounds":false,"rotation":0,"scale":1,"position":{"pointX":960,"pointY":540},"width":1920,"sublayerTransform":[1,0,0,0,0,1,0,0,0,0,1,0,0,0,0,1],"contentsRect":{"y":0,"x":0,"width":1,"height":1},"opacity":1,"edgeAntialiasingMask":251658240,"height":1080,"hidden":false,"anchorPoint":{"pointX":0.5,"pointY":0.5}},"layers":[{"animations":[],"initialState":{"affineTransform":[1,0,0,1,0,0],"masksToBounds":false,"rotation":0,"scale":1,"position":{"pointX":1191.8701171557996,"pointY":836.61236568837649},"width":60,"sublayerTransform":[1,0,0,0,0,1,0,0,0,0,1,0,0,0,0,1],"contentsRect":{"y":0,"x":0,"width":1,"height":1},"opacity":1,"edgeAntialiasingMask":251658240,"height":57,"hidden":false,"anchorPoint":{"pointX":0.5,"pointY":0.5}},"objectID":"522A94AF-F97B-4E1D-81AF-E2E5B531A542","layers":[{"animations":[],"layers":[],"texturedRectangle":{"singleTextureOpacity":1,"textXHeight":0,"shapePath":{"lineWidth":1,"flatness":0.59999999999999998,"lineCapStyle":0,"elements":[{"type":"MoveToPoint","points":[[53.224288058756883,1.1285196817715359]]},{"type":"AddCurve","points":[[52.084320151130669,0.29539637323750867],[23.955914182831975,31.937518694493974],[18.924774142964225,38.210698804169169]]},{"type":"AddCurve","points":[[18.65942037505738,38.539035427964791],[18.374240753950517,38.85035295057105],[18.040431894878338,39.233945133900306]]},{"type":"AddCurve","points":[[17.697284910868348,38.82470899935015],[17.413707047785465,38.506430555840325],[17.151459582666348,38.173658294885627]]},{"type":"AddCurve","points":[[15.052452340158197,35.510297822826942],[13.708655354628945,33.3895071105635],[11.581492438963096,30.747036183535329]]},{"type":"AddCurve","points":[[10.732228917682278,29.691980773871364],[9.7626922462507082,28.728624588880848],[8.8636447969399796,27.709714422284833]]},{"type":"AddCurve","points":[[8.4351660475942936,27.224186232907869],[7.9327797865967113,27.238856390667934],[7.36813408420835,27.413390348016492]]},{"type":"AddCurve","points":[[6.7996354585841345,27.589115732879236],[6.0499364022025475,27.592371246390485],[5.3309058687225388,28.043079005836717]]},{"type":"AddCurve","points":[[5.0802151951340875,28.336145305820537],[5.4071351947577568,28.802187890368714],[5.4512875360012458,29.256155684872738]]},{"type":"AddCurve","points":[[5.5059626474962897,29.817686550097733],[3.4716574708463668,29.739868473312526],[2.409335475799935,30.455342172927431]]},{"type":"AddCurve","points":[[2.1651605810457113,30.619804385350562],[2.6309118376182141,31.288199742355573],[2.4741563735653926,31.460065987243524]]},{"type":"AddCurve","points":[[2.0046315857639456,31.974633809295483],[1.7082326642203043,31.853325237082572],[1.9648493373563269,32.48331005620139]]},{"type":"AddCurve","points":[[4.2506919002569248,38.095082859054401],[7.6654212777896191,42.848876379884132],[10.414716279184859,48.540373091390393]]},{"type":"AddCurve","points":[[14.788760240773172,57.595308108589961],[15.620723758045642,51.95594935027566],[16.882915863352309,53.040794969340823]]},{"type":"AddCurve","points":[[20.773055952491404,56.384501245918727],[19.061305645733682,57.296488140629663],[28.212683910315945,45.600282667009196]]},{"type":"AddCurve","points":[[32.081638290995215,40.163932305400522],[52.346357364314372,14.914219249166308],[56.863518461874719,9.9580509133403439]]},{"type":"AddCurve","points":[[57.416467487372302,9.3514718799034426],[57.944733387806991,8.7508268111114376],[58.317358597471411,7.9949039213125843]]},{"type":"AddCurve","points":[[59.029122439731964,6.5510678536608111],[59.063725838908795,6.5934392663190238],[58.030294621652956,5.4205888087030871]]},{"type":"AddCurve","points":[[57.648630839539237,4.9875111244228947],[57.250924608676087,4.8987989464346811],[56.692206089208867,4.9251719970357044]]},{"type":"AddCurve","points":[[55.624248339075166,4.9755434385124317],[55.092763097177794,4.3687123288557359],[55.205955504729445,3.3926207841307132]]},{"type":"AddCurve","points":[[55.23100035355219,3.1764508719289779],[55.175584273542881,2.8960557822380224],[55.039273196189697,2.7351517443478315]]},{"type":"AddCurve","points":[[54.718654820097981,2.3564500375002808],[53.627736654307682,1.4233621448088343],[53.224288058756883,1.1285196817715359]]},{"type":"CloseSubpath"},{"type":"MoveToPoint","points":[[53.224288058756883,1.1285196817715359]]}],"windingRule":0,"lineJoinStyle":0,"miterLimit":10},"isBackgroundTexture":true,"textBaseline":0,"isVerticalText":false,"textureType":5},"initialState":{"affineTransform":[1,0,0,1,0,0],"masksToBounds":false,"rotation":0,"scale":1,"position":{"pointX":28.129882844200438,"pointY":27.387634311623515},"width":60,"sublayerTransform":[1,0,0,0,0,1,0,0,0,0,1,0,0,0,0,1],"contentsRect":{"y":0,"x":0,"width":1,"height":1},"opacity":1,"edgeAntialiasingMask":0,"height":57,"hidden":true,"anchorPoint":{"pointX":0.5,"pointY":0.5}},"texture":"FDA537752298C85A388732E608F21EE9"}]}]},{"animations":[],"initialState":{"affineTransform":[1,0,0,1,0,0],"masksToBounds":false,"rotation":0,"scale":1,"position":{"pointX":960,"pointY":540},"width":1920,"sublayerTransform":[1,0,0,0,0,1,0,0,0,0,1,0,0,0,0,1],"contentsRect":{"y":0,"x":0,"width":1,"height":1},"opacity":1,"edgeAntialiasingMask":251658240,"height":1080,"hidden":false,"anchorPoint":{"pointX":0.5,"pointY":0.5}},"layers":[{"animations":[],"initialState":{"affineTransform":[1,0,0,1,0,0],"masksToBounds":false,"rotation":0,"scale":1,"position":{"pointX":1191.8701171557996,"pointY":754.76745602040774},"width":60,"sublayerTransform":[1,0,0,0,0,1,0,0,0,0,1,0,0,0,0,1],"contentsRect":{"y":0,"x":0,"width":1,"height":1},"opacity":1,"edgeAntialiasingMask":251658240,"height":57,"hidden":false,"anchorPoint":{"pointX":0.5,"pointY":0.5}},"objectID":"43538BBF-949A-43AA-BE80-232189A7DA32","layers":[{"animations":[],"layers":[],"texturedRectangle":{"singleTextureOpacity":1,"textXHeight":0,"shapePath":{"lineWidth":1,"flatness":0.59999999999999998,"lineCapStyle":0,"elements":[{"type":"MoveToPoint","points":[[53.224288058756883,1.2836100138027859]]},{"type":"AddCurve","points":[[52.084320151130669,0.45048670526875867],[23.955914182831975,32.092609026525224],[18.924774142964225,38.365789136200419]]},{"type":"AddCurve","points":[[18.65942037505738,38.694125759996041],[18.374240753950517,39.0054432826023],[18.040431894878338,39.389035465931556]]},{"type":"AddCurve","points":[[17.697284910868348,38.9797993313814],[17.413707047785465,38.661520887871575],[17.151459582666348,38.328748626916877]]},{"type":"AddCurve","points":[[15.052452340158197,35.665388154858192],[13.708655354628945,33.54459744259475],[11.581492438963096,30.902126515566579]]},{"type":"AddCurve","points":[[10.732228917682278,29.847071105902614],[9.7626922462507082,28.883714920912098],[8.8636447969399796,27.864804754316083]]},{"type":"AddCurve","points":[[8.4351660475942936,27.379276564939119],[7.9327797865967113,27.393946722699184],[7.36813408420835,27.568480680047742]]},{"type":"AddCurve","points":[[6.7996354585841345,27.744206064910486],[6.0499364022025475,27.747461578421735],[5.3309058687225388,28.198169337867967]]},{"type":"AddCurve","points":[[5.0802151951340875,28.491235637851787],[5.4071351947577568,28.957278222399964],[5.4512875360012458,29.411246016903988]]},{"type":"AddCurve","points":[[5.5059626474962897,29.972776882128983],[3.4716574708463668,29.894958805343776],[2.409335475799935,30.610432504958681]]},{"type":"AddCurve","points":[[2.1651605810457113,30.774894717381812],[2.6309118376182141,31.443290074386823],[2.4741563735653926,31.615156319274774]]},{"type":"AddCurve","points":[[2.0046315857639456,32.129724141326733],[1.7082326642203043,32.008415569113822],[1.9648493373563269,32.63840038823264]]},{"type":"AddCurve","points":[[4.2506919002569248,38.250173191085651],[7.6654212777896191,43.003966711915382],[10.414716279184859,48.695463423421643]]},{"type":"AddCurve","points":[[14.788760240773172,57.750398440621211],[15.620723758045642,52.11103968230691],[16.882915863352309,53.195885301372073]]},{"type":"AddCurve","points":[[20.773055952491404,56.539591577949977],[19.061305645733682,57.451578472660913],[28.212683910315945,45.755372999040446]]},{"type":"AddCurve","points":[[32.081638290995215,40.319022637431772],[52.346357364314372,15.069309581197558],[56.863518461874719,10.113141245371594]]},{"type":"AddCurve","points":[[57.416467487372302,9.5065622119346926],[57.944733387806991,8.9059171431426876],[58.317358597471411,8.1499942533438343]]},{"type":"AddCurve","points":[[59.029122439731964,6.7061581856920611],[59.063725838908795,6.7485295983502738],[58.030294621652956,5.5756791407343371]]},{"type":"AddCurve","points":[[57.648630839539237,5.1426014564541447],[57.250924608676087,5.0538892784659311],[56.692206089208867,5.0802623290669544]]},{"type":"AddCurve","points":[[55.624248339075166,5.1306337705436817],[55.092763097177794,4.5238026608869859],[55.205955504729445,3.5477111161619632]]},{"type":"AddCurve","points":[[55.23100035355219,3.3315412039602279],[55.175584273542881,3.0511461142692724],[55.039273196189697,2.8902420763790815]]},{"type":"AddCurve","points":[[54.718654820097981,2.5115403695315308],[53.627736654307682,1.5784524768400843],[53.224288058756883,1.2836100138027859]]},{"type":"CloseSubpath"},{"type":"MoveToPoint","points":[[53.224288058756883,1.2836100138027859]]}],"windingRule":0,"lineJoinStyle":0,"miterLimit":10},"isBackgroundTexture":true,"textBaseline":0,"isVerticalText":false,"textureType":5},"initialState":{"affineTransform":[1,0,0,1,0,0],"masksToBounds":false,"rotation":0,"scale":1,"position":{"pointX":28.129882844200438,"pointY":27.232543979592265},"width":60,"sublayerTransform":[1,0,0,0,0,1,0,0,0,0,1,0,0,0,0,1],"contentsRect":{"y":0,"x":0,"width":1,"height":1},"opacity":1,"edgeAntialiasingMask":0,"height":57,"hidden":false,"anchorPoint":{"pointX":0.5,"pointY":0.5}},"texture":"1643F68125971CDBB160E928C474F742"}]}]},{"animations":[],"initialState":{"affineTransform":[1,0,0,1,0,0],"masksToBounds":false,"rotation":0,"scale":1,"position":{"pointX":960,"pointY":540},"width":1920,"sublayerTransform":[1,0,0,0,0,1,0,0,0,0,1,0,0,0,0,1],"contentsRect":{"y":0,"x":0,"width":1,"height":1},"opacity":1,"edgeAntialiasingMask":251658240,"height":1080,"hidden":false,"anchorPoint":{"pointX":0.5,"pointY":0.5}},"layers":[{"animations":[],"initialState":{"affineTransform":[1,0,0,1,0,0],"masksToBounds":false,"rotation":0,"scale":1,"position":{"pointX":900.36221313476562,"pointY":981.88336050510406},"width":1061,"sublayerTransform":[1,0,0,0,0,1,0,0,0,0,1,0,0,0,0,1],"contentsRect":{"y":0,"x":0,"width":1,"height":1},"opacity":1,"edgeAntialiasingMask":251658240,"height":50,"hidden":false,"anchorPoint":{"pointX":0.5,"pointY":0.5}},"layers":[{"animations":[],"layers":[],"texturedRectangle":{"singleTextureOpacity":1,"textXHeight":0.44970703125,"textBaseline":0.74719846010208135,"isBackgroundTexture":true,"isVerticalText":false,"textColor":[0,0,0,1],"textureType":6},"initialState":{"affineTransform":[1,0,0,1,0,0],"masksToBounds":false,"rotation":0,"scale":1,"position":{"pointX":535.63778686523438,"pointY":38.116639494895935},"width":1061,"sublayerTransform":[1,0,0,0,0,1,0,0,0,0,1,0,0,0,0,1],"contentsRect":{"y":0,"x":0,"width":1,"height":1},"opacity":1,"edgeAntialiasingMask":0,"height":50,"hidden":false,"anchorPoint":{"pointX":0.5,"pointY":0.5}},"texture":"F5F63F72589EB65DE4942AA8B9F6880B"}]}]}]}},{"effects":[{"beginTime":0,"baseLayer":{"animations":[],"initialState":{"affineTransform":[1,0,0,1,0,0],"masksToBounds":false,"rotation":0,"scale":1,"position":{"pointX":960,"pointY":540},"width":1920,"sublayerTransform":[1,0,0,0,0,1,0,0,0,0,1,0,0,0,0,1],"contentsRect":{"y":0,"x":0,"width":1,"height":1},"opacity":1,"edgeAntialiasingMask":251658240,"height":1080,"hidden":false,"anchorPoint":{"pointX":0.5,"pointY":0.5}},"objectID":"0","layers":[{"animations":[],"initialState":{"affineTransform":[1,0,0,1,0,0],"masksToBounds":false,"rotation":0,"scale":1,"position":{"pointX":960,"pointY":540},"width":1920,"sublayerTransform":[1,0,0,0,0,1,0,0,0,0,1,-0.00035007912466775983,0,0,0,1],"contentsRect":{"y":0,"x":0,"width":1,"height":1},"opacity":1,"edgeAntialiasingMask":251658240,"height":1080,"hidden":false,"anchorPoint":{"pointX":0.5,"pointY":0.5}},"layers":[{"animations":[],"layers":[],"texturedRectangle":{"isBackgroundTexture":false,"singleTextureOpacity":1,"textureType":0,"textBaseline":0,"textXHeight":0,"isVerticalText":false},"initialState":{"affineTransform":[1,0,0,1,0,0],"masksToBounds":false,"rotation":0,"scale":1,"position":{"pointX":960,"pointY":540},"width":1920,"sublayerTransform":[1,0,0,0,0,1,0,0,0,0,1,0,0,0,0,1],"contentsRect":{"y":0,"x":0,"width":1,"height":1},"opacity":1,"edgeAntialiasingMask":0,"height":1080,"hidden":false,"anchorPoint":{"pointX":0.5,"pointY":0.5}},"texture":"370904E4B958E10D1513C19E7CD0724B"},{"animations":[{"additive":false,"timeOffset":0,"beginTime":0,"from":{"scalar":false},"repeatCount":0,"fillMode":"both","duration":0.01,"autoreverses":false,"property":"hidden","to":{"scalar":true},"removedOnCompletion":false}],"layers":[],"texturedRectangle":{"isBackgroundTexture":false,"singleTextureOpacity":1,"textureType":0,"textBaseline":0,"textXHeight":0,"isVerticalText":false},"initialState":{"affineTransform":[1,0,0,1,0,0],"masksToBounds":false,"rotation":0,"scale":1,"position":{"pointX":960,"pointY":540},"width":1920,"sublayerTransform":[1,0,0,0,0,1,0,0,0,0,1,0,0,0,0,1],"contentsRect":{"y":0,"x":0,"width":1,"height":1},"opacity":1,"edgeAntialiasingMask":0,"height":1080,"hidden":false,"anchorPoint":{"pointX":0.5,"pointY":0.5}},"texture":"2FEC9B1FEE356CB261A9E50EB6CDE7AB"}]}]},"effects":[],"duration":0.01,"type":"transition","attributes":{"direction":0},"name":"none","objectID":"0"}],"automaticPlay":false,"hyperlinks":[],"accessibility":[{"text":"Refutation Proof","targetRectangle":{"y":79,"x":99,"width":699.61640685796738,"height":98}},{"text":"Repeat for each resolvent until meet a contradiction ","targetRectangle":{"y":960.88336050510406,"x":373.86221313476562,"width":1074.6826171875,"height":58}},{"text":"Resolution Proof in Propositional Logic","targetRectangle":{"y":180.44745779037476,"x":98.599999904632568,"width":1091.4599609375,"height":64}},{"text":"equation.pdf","targetRectangle":{"y":355.4302978515625,"x":595.53490230716091,"width":534.86287360833455,"height":500.86435820677571}},{"text":"￼","targetRectangle":{"y":355.4302978515625,"x":595.53490230716091,"width":534.86287360833455,"height":500.86435820677571}}],"baseLayer":{"animations":[],"initialState":{"affineTransform":[1,0,0,1,0,0],"masksToBounds":false,"rotation":0,"scale":1,"position":{"pointX":960,"pointY":540},"width":1920,"sublayerTransform":[1,0,0,0,0,1,0,0,0,0,1,0,0,0,0,1],"contentsRect":{"y":0,"x":0,"width":1,"height":1},"opacity":1,"edgeAntialiasingMask":251658240,"height":1080,"hidden":false,"anchorPoint":{"pointX":0.5,"pointY":0.5}},"objectID":"0","layers":[{"animations":[],"initialState":{"affineTransform":[1,0,0,1,0,0],"masksToBounds":false,"rotation":0,"scale":1,"position":{"pointX":960,"pointY":540},"width":1920,"sublayerTransform":[1,0,0,0,0,1,0,0,0,0,1,-0.00035007912466775983,0,0,0,1],"contentsRect":{"y":0,"x":0,"width":1,"height":1},"opacity":1,"edgeAntialiasingMask":251658240,"height":1080,"hidden":false,"anchorPoint":{"pointX":0.5,"pointY":0.5}},"layers":[{"animations":[],"layers":[],"texturedRectangle":{"isBackgroundTexture":false,"singleTextureOpacity":1,"textureType":0,"textBaseline":0,"textXHeight":0,"isVerticalText":false},"initialState":{"affineTransform":[1,0,0,1,0,0],"masksToBounds":false,"rotation":0,"scale":1,"position":{"pointX":960,"pointY":540},"width":1920,"sublayerTransform":[1,0,0,0,0,1,0,0,0,0,1,0,0,0,0,1],"contentsRect":{"y":0,"x":0,"width":1,"height":1},"opacity":1,"edgeAntialiasingMask":0,"height":1080,"hidden":false,"anchorPoint":{"pointX":0.5,"pointY":0.5}},"texture":"2FEC9B1FEE356CB261A9E50EB6CDE7AB"}]}]}}]}