{"assets":{"5AF1BEA991610476F124448463E7BBE9":{"type":"texture","index":6,"assetRequest":{"type":"slide","state":"contents","slide":"none"},"url":{"native":"assets\/20A6B2D3-5E39-4966-9181-641A713C4A4F.pdf"},"width":1920,"height":1080},"7E138B64814A770CAC02DF682A247F7A":{"type":"texture","index":7,"assetRequest":{"type":"slide","state":"contents","slide":"none"},"url":{"native":"assets\/20A6B2D3-5E39-4966-9181-641A713C4A4F.pdf"},"width":1920,"height":1080},"C25C25FF361FB24FC35F6B120D2F252D":{"type":"texture","index":0,"assetRequest":{"type":"slide","state":"contents","slide":"none"},"url":{"native":"assets\/20A6B2D3-5E39-4966-9181-641A713C4A4F.pdf"},"width":1920,"height":1080},"432CC767CEAD2CDDB9AF2646AFBF08C1":{"type":"texture","index":5,"assetRequest":{"type":"slide","state":"contents","slide":"none"},"url":{"native":"assets\/20A6B2D3-5E39-4966-9181-641A713C4A4F.pdf"},"width":951,"height":342},"EB34D65164AEF4A415DBD7117C4CDCE3":{"type":"texture","index":2,"assetRequest":{"type":"slide","state":"contents","slide":"none"},"url":{"native":"assets\/20A6B2D3-5E39-4966-9181-641A713C4A4F.pdf"},"width":1519,"height":81},"BB2A571D9BC927B2FBA4F09001536039":{"type":"texture","index":3,"assetRequest":{"type":"slide","state":"contents","slide":"none"},"url":{"native":"assets\/20A6B2D3-5E39-4966-9181-641A713C4A4F.pdf"},"width":1776,"height":54},"6E102BACF631EBB9F67F68765D24AA31":{"type":"texture","index":4,"assetRequest":{"type":"slide","state":"contents","slide":"none"},"url":{"native":"assets\/20A6B2D3-5E39-4966-9181-641A713C4A4F.pdf"},"width":1235,"height":594},"A69AAB3FDD95E117FF9CE079CB36A298":{"type":"texture","index":1,"assetRequest":{"type":"slide","state":"contents","slide":"none"},"url":{"native":"assets\/20A6B2D3-5E39-4966-9181-641A713C4A4F.pdf"},"width":749,"height":116}},"events":[{"effects":[{"beginTime":0,"baseLayer":{"animations":[],"initialState":{"affineTransform":[1,0,0,1,0,0],"masksToBounds":false,"rotation":0,"scale":1,"position":{"pointX":780.63125610351562,"pointY":864.9140625},"width":951,"sublayerTransform":[1,0,0,0,0,1,0,0,0,0,1,0,0,0,0,1],"contentsRect":{"y":0,"x":0,"width":1,"height":1},"opacity":1,"edgeAntialiasingMask":251658240,"height":342,"hidden":false,"anchorPoint":{"pointX":0.5,"pointY":0.5}},"objectID":"160ACA0D-79DA-4EB0-A383-819F85486659","layers":[{"animations":[],"initialState":{"affineTransform":[1,0,0,1,0,0],"masksToBounds":false,"rotation":0,"scale":1,"position":{"pointX":654.86874389648438,"pointY":-153.9140625},"width":951,"sublayerTransform":[1,0,0,0,0,1,0,0,0,0,1,-0.00035007912466775983,0,0,0,1],"contentsRect":{"y":0,"x":0,"width":1,"height":1},"opacity":1,"edgeAntialiasingMask":251658240,"height":342,"hidden":false,"anchorPoint":{"pointX":0.68861066655781744,"pointY":-0.45004111842105265}},"layers":[{"animations":[{"additive":false,"timeOffset":0,"beginTime":1e-100,"repeatCount":0,"fillMode":"both","duration":0.01,"autoreverses":false,"animations":[{"additive":false,"timeOffset":0,"beginTime":0,"from":{"scalar":true},"repeatCount":0,"fillMode":"both","duration":0.0001,"autoreverses":false,"property":"hidden","to":{"scalar":false},"removedOnCompletion":true},{"additive":false,"timeOffset":0,"beginTime":0.0001,"from":{"scalar":false},"repeatCount":0,"fillMode":"forwards","duration":0.0099000000000000008,"autoreverses":false,"property":"hidden","to":{"scalar":false},"removedOnCompletion":true}],"removedOnCompletion":false}],"layers":[],"texturedRectangle":{"isBackgroundTexture":true,"singleTextureOpacity":1,"textureType":5,"textBaseline":0,"textXHeight":0,"isVerticalText":false},"initialState":{"affineTransform":[1,0,0,1,0,0],"masksToBounds":false,"rotation":0,"scale":1,"position":{"pointX":470.36874389648438,"pointY":165.0859375},"width":951,"sublayerTransform":[1,0,0,0,0,1,0,0,0,0,1,0,0,0,0,1],"contentsRect":{"y":0,"x":0,"width":1,"height":1},"opacity":1,"edgeAntialiasingMask":0,"height":342,"hidden":true,"anchorPoint":{"pointX":0.5,"pointY":0.5}},"texture":"432CC767CEAD2CDDB9AF2646AFBF08C1"}]}]},"effects":[],"duration":0.01,"type":"buildIn","attributes":{"direction":0},"name":"apple:appear","objectID":"160ACA0D-79DA-4EB0-A383-819F85486659"}],"automaticPlay":false,"hyperlinks":[],"accessibility":[{"text":"equation.pdf","targetRectangle":{"y":399.20943289967727,"x":392.30629289150238,"width":393.84929540358848,"height":69.85767143865445}},{"text":"equation.pdf","targetRectangle":{"y":507.08133552892957,"x":789.18129289150238,"width":51.883099012130288,"height":61.770557367913057}},{"text":"￼","targetRectangle":{"y":292.103271484375,"x":132.07289445400238,"width":707.8486083306226,"height":69.006847845059667}},{"text":"Proving ￼ and ￼","targetRectangle":{"y":354.20943289967727,"x":228.07289445400238,"width":1091.792379818339,"height":114.85767143865445}},{"text":"Prover prepares and inputs ￼ and ￼ ","targetRectangle":{"y":462.08133552892957,"x":228.07289445400238,"width":778.33827255788356,"height":106.77055736791306}},{"text":"Verifier checks","targetRectangle":{"y":562.67483568732655,"x":228.07289445400238,"width":298.486328125,"height":103}},{"text":" ￼ ","targetRectangle":{"y":659.87483430449879,"x":324.07289445400238,"width":548.57767847067396,"height":114.85767143865439}},{"text":"￼","targetRectangle":{"y":767.74673693375109,"x":324.07289445400238,"width":561.00819045295896,"height":114.85767143865439}},{"text":"equation.pdf","targetRectangle":{"y":292.103271484375,"x":132.07289445400238,"width":707.8486083306226,"height":69.006847845059667}},{"text":"Verifying resolution rule application via polynomials equivalence","targetRectangle":{"y":180.44745779037476,"x":98.599999904632568,"width":1775.739990234375,"height":63}},{"text":"equation.pdf","targetRectangle":{"y":399.20943289967727,"x":885.76496329509087,"width":434.1003109772505,"height":69.85767143865445}},{"text":"equation.pdf","targetRectangle":{"y":812.74673693375098,"x":324.07289445400238,"width":561.00819045295896,"height":69.857671438654506}},{"text":"equation.pdf","targetRectangle":{"y":704.87483430449879,"x":337.96449601650238,"width":520.79447534567396,"height":69.857671438654506}},{"text":"Check applications of resolution rule","targetRectangle":{"y":79,"x":99,"width":1520.7230482809246,"height":98}},{"text":"equation.pdf","targetRectangle":{"y":507.08133552892957,"x":940.67376690363267,"width":51.845798545753269,"height":61.770557367913057}},{"text":"Prove in ZK","targetRectangle":{"y":840.9234247568919,"x":923.98150253721644,"width":241.49774941109524,"height":125.39753600632855}}],"baseLayer":{"animations":[],"initialState":{"affineTransform":[1,0,0,1,0,0],"masksToBounds":false,"rotation":0,"scale":1,"position":{"pointX":960,"pointY":540},"width":1920,"sublayerTransform":[1,0,0,0,0,1,0,0,0,0,1,0,0,0,0,1],"contentsRect":{"y":0,"x":0,"width":1,"height":1},"opacity":1,"edgeAntialiasingMask":251658240,"height":1080,"hidden":false,"anchorPoint":{"pointX":0.5,"pointY":0.5}},"layers":[{"animations":[],"initialState":{"affineTransform":[1,0,0,1,0,0],"masksToBounds":false,"rotation":0,"scale":1,"position":{"pointX":960,"pointY":540},"width":1920,"sublayerTransform":[1,0,0,0,0,1,0,0,0,0,1,0,0,0,0,1],"contentsRect":{"y":0,"x":0,"width":1,"height":1},"opacity":1,"edgeAntialiasingMask":251658240,"height":1080,"hidden":false,"anchorPoint":{"pointX":0.5,"pointY":0.5}},"layers":[{"animations":[],"initialState":{"affineTransform":[1,0,0,1,0,0],"masksToBounds":false,"rotation":0,"scale":1,"position":{"pointX":960,"pointY":540},"width":1920,"sublayerTransform":[1,0,0,0,0,1,0,0,0,0,1,0,0,0,0,1],"contentsRect":{"y":0,"x":0,"width":1,"height":1},"opacity":1,"edgeAntialiasingMask":251658240,"height":1080,"hidden":false,"anchorPoint":{"pointX":0.5,"pointY":0.5}},"layers":[{"animations":[],"layers":[],"texturedRectangle":{"isBackgroundTexture":true,"singleTextureOpacity":1,"textureType":1,"textBaseline":0,"textXHeight":0,"isVerticalText":false},"initialState":{"affineTransform":[1,0,0,1,0,0],"masksToBounds":false,"rotation":0,"scale":1,"position":{"pointX":960,"pointY":540},"width":1920,"sublayerTransform":[1,0,0,0,0,1,0,0,0,0,1,0,0,0,0,1],"contentsRect":{"y":0,"x":0,"width":1,"height":1},"opacity":1,"edgeAntialiasingMask":0,"height":1080,"hidden":false,"anchorPoint":{"pointX":0.5,"pointY":0.5}},"texture":"C25C25FF361FB24FC35F6B120D2F252D"}]}]},{"animations":[],"initialState":{"affineTransform":[1,0,0,1,0,0],"masksToBounds":false,"rotation":0,"scale":1,"position":{"pointX":960,"pointY":540},"width":1920,"sublayerTransform":[1,0,0,0,0,1,0,0,0,0,1,0,0,0,0,1],"contentsRect":{"y":0,"x":0,"width":1,"height":1},"opacity":1,"edgeAntialiasingMask":251658240,"height":1080,"hidden":false,"anchorPoint":{"pointX":0.5,"pointY":0.5}},"layers":[{"animations":[],"initialState":{"affineTransform":[1,0,0,1,0,0],"masksToBounds":false,"rotation":0,"scale":1,"position":{"pointX":488.59068298339844,"pointY":326.95669555664062},"width":749,"sublayerTransform":[1,0,0,0,0,1,0,0,0,0,1,0,0,0,0,1],"contentsRect":{"y":0,"x":0,"width":1,"height":1},"opacity":0.33030936121940613,"edgeAntialiasingMask":251658240,"height":116,"hidden":false,"anchorPoint":{"pointX":0.5,"pointY":0.5}},"objectID":"1E0F4DFB-FC95-4E28-BA18-ED5BFA091628","layers":[{"animations":[],"layers":[],"texturedRectangle":{"singleTextureOpacity":0.33030936121940613,"textXHeight":0,"shapePath":{"lineWidth":1,"flatness":0.59999999999999998,"lineCapStyle":0,"elements":[{"type":"MoveToPoint","points":[[52.156025899076468,5.956695556640625]]},{"type":"AddLine","points":[[696.49524973568919,5.956695556640625]]},{"type":"AddCurve","points":[[710.30653949488499,5.956695556640625],[718.59331335040247,5.956695556640625],[724.11782925408079,8.2631068091446878]]},{"type":"AddCurve","points":[[732.08189637240741,11.161790183913809],[738.355498024094,17.435391835600399],[741.25418139886312,25.399458953927024]]},{"type":"AddCurve","points":[[743.56059265136719,30.923974857605344],[743.56059265136719,39.210748713122825],[743.56059265136719,53.022038472318627]]},{"type":"AddLine","points":[[743.56059265136719,63.241633402681373]]},{"type":"AddCurve","points":[[743.56059265136719,77.052923161877175],[743.56059265136719,85.339697017394656],[741.25418139886312,90.864212921072976]]},{"type":"AddCurve","points":[[738.355498024094,98.828280039399601],[732.08189637240741,105.10188169108619],[724.11782925408079,108.00056506585531]]},{"type":"AddCurve","points":[[718.59331335040247,110.30697631835938],[710.30653949488499,110.30697631835938],[696.49524973568919,110.30697631835938]]},{"type":"AddLine","points":[[52.156025899076468,110.30697631835938]]},{"type":"AddCurve","points":[[38.344736139880638,110.30697631835938],[30.057962284363157,110.30697631835938],[24.533446380684836,108.00056506585531]]},{"type":"AddCurve","points":[[16.56937926235824,105.10188169108619],[10.295777610671621,98.828280039399601],[7.3970942359025287,90.864212921072976]]},{"type":"AddCurve","points":[[5.0906829833984375,85.339697017394656],[5.0906829833984375,77.052923161877175],[5.0906829833984375,63.241633402681373]]},{"type":"AddLine","points":[[5.0906829833984375,53.022038472318627]]},{"type":"AddCurve","points":[[5.0906829833984375,39.210748713122825],[5.0906829833984375,30.923974857605344],[7.3970942359025287,25.399458953927024]]},{"type":"AddCurve","points":[[10.295777610671621,17.435391835600399],[16.56937926235824,11.161790183913809],[24.533446380684836,8.2631068091446878]]},{"type":"AddCurve","points":[[30.057962284363157,5.956695556640625],[38.344736139880638,5.956695556640625],[52.156025899076468,5.956695556640625]]},{"type":"CloseSubpath"},{"type":"MoveToPoint","points":[[52.156025899076468,5.956695556640625]]}],"windingRule":0,"lineJoinStyle":0,"miterLimit":10},"isBackgroundTexture":true,"textBaseline":0,"isVerticalText":false,"textureType":5},"initialState":{"affineTransform":[1,0,0,1,0,0],"masksToBounds":false,"rotation":0,"scale":1,"position":{"pointX":373.40931701660156,"pointY":56.043304443359375},"width":749,"sublayerTransform":[1,0,0,0,0,1,0,0,0,0,1,0,0,0,0,1],"contentsRect":{"y":0,"x":0,"width":1,"height":1},"opacity":1,"edgeAntialiasingMask":0,"height":116,"hidden":true,"anchorPoint":{"pointX":0.5,"pointY":0.5}},"texture":"A69AAB3FDD95E117FF9CE079CB36A298"}]}]},{"animations":[],"initialState":{"affineTransform":[1,0,0,1,0,0],"masksToBounds":false,"rotation":0,"scale":1,"position":{"pointX":960,"pointY":540},"width":1920,"sublayerTransform":[1,0,0,0,0,1,0,0,0,0,1,0,0,0,0,1],"contentsRect":{"y":0,"x":0,"width":1,"height":1},"opacity":1,"edgeAntialiasingMask":251658240,"height":1080,"hidden":false,"anchorPoint":{"pointX":0.5,"pointY":0.5}},"layers":[{"animations":[],"initialState":{"affineTransform":[1,0,0,1,0,0],"masksToBounds":false,"rotation":0,"scale":1,"position":{"pointX":854.5,"pointY":115.50000000000003},"width":1519,"sublayerTransform":[1,0,0,0,0,1,0,0,0,0,1,0,0,0,0,1],"contentsRect":{"y":0,"x":0,"width":1,"height":1},"opacity":1,"edgeAntialiasingMask":251658240,"height":81,"hidden":false,"anchorPoint":{"pointX":0.5,"pointY":0.5}},"layers":[{"animations":[],"layers":[],"texturedRectangle":{"singleTextureOpacity":1,"textXHeight":0.52622853973765427,"textBaseline":0.7411928530092593,"isBackgroundTexture":true,"isVerticalText":false,"textColor":[0,0.30196079611778259,0.50196081399917603,1],"textureType":6},"initialState":{"affineTransform":[1,0,0,1,0,0],"masksToBounds":false,"rotation":0,"scale":1,"position":{"pointX":765.5,"pointY":62.499999999999972},"width":1519,"sublayerTransform":[1,0,0,0,0,1,0,0,0,0,1,0,0,0,0,1],"contentsRect":{"y":0,"x":0,"width":1,"height":1},"opacity":1,"edgeAntialiasingMask":0,"height":81,"hidden":false,"anchorPoint":{"pointX":0.5,"pointY":0.5}},"texture":"EB34D65164AEF4A415DBD7117C4CDCE3"}]}]},{"animations":[],"initialState":{"affineTransform":[1,0,0,1,0,0],"masksToBounds":false,"rotation":0,"scale":1,"position":{"pointX":960,"pointY":540},"width":1920,"sublayerTransform":[1,0,0,0,0,1,0,0,0,0,1,0,0,0,0,1],"contentsRect":{"y":0,"x":0,"width":1,"height":1},"opacity":1,"edgeAntialiasingMask":251658240,"height":1080,"hidden":false,"anchorPoint":{"pointX":0.5,"pointY":0.5}},"layers":[{"animations":[],"initialState":{"affineTransform":[1,0,0,1,0,0],"masksToBounds":false,"rotation":0,"scale":1,"position":{"pointX":983,"pointY":203.84745788574219},"width":1776,"sublayerTransform":[1,0,0,0,0,1,0,0,0,0,1,0,0,0,0,1],"contentsRect":{"y":0,"x":0,"width":1,"height":1},"opacity":1,"edgeAntialiasingMask":251658240,"height":54,"hidden":false,"anchorPoint":{"pointX":0.5,"pointY":0.5}},"layers":[{"animations":[],"layers":[],"texturedRectangle":{"singleTextureOpacity":1,"textXHeight":0.5056437174479167,"textBaseline":0.73442874307985662,"isBackgroundTexture":true,"isVerticalText":false,"textColor":[0,0,0,1],"textureType":6},"initialState":{"affineTransform":[1,0,0,1,0,0],"masksToBounds":false,"rotation":0,"scale":1,"position":{"pointX":891,"pointY":41.152542114257812},"width":1776,"sublayerTransform":[1,0,0,0,0,1,0,0,0,0,1,0,0,0,0,1],"contentsRect":{"y":0,"x":0,"width":1,"height":1},"opacity":1,"edgeAntialiasingMask":0,"height":54,"hidden":false,"anchorPoint":{"pointX":0.5,"pointY":0.5}},"texture":"BB2A571D9BC927B2FBA4F09001536039"}]}]},{"animations":[],"initialState":{"affineTransform":[1,0,0,1,0,0],"masksToBounds":false,"rotation":0,"scale":1,"position":{"pointX":960,"pointY":540},"width":1920,"sublayerTransform":[1,0,0,0,0,1,0,0,0,0,1,0,0,0,0,1],"contentsRect":{"y":0,"x":0,"width":1,"height":1},"opacity":1,"edgeAntialiasingMask":251658240,"height":1080,"hidden":false,"anchorPoint":{"pointX":0.5,"pointY":0.5}},"layers":[{"animations":[],"initialState":{"affineTransform":[1,0,0,1,0,0],"masksToBounds":false,"rotation":0,"scale":1,"position":{"pointX":697.57288360595703,"pointY":585.103271484375},"width":1235,"sublayerTransform":[1,0,0,0,0,1,0,0,0,0,1,0,0,0,0,1],"contentsRect":{"y":0,"x":0,"width":1,"height":1},"opacity":1,"edgeAntialiasingMask":251658240,"height":594,"hidden":false,"anchorPoint":{"pointX":0.5,"pointY":0.5}},"layers":[{"animations":[],"layers":[],"texturedRectangle":{"singleTextureOpacity":1,"textXHeight":0.03785412720959596,"textBaseline":0.95955054231876447,"isBackgroundTexture":true,"isVerticalText":false,"textColor":[0,0,0,1],"textureType":6},"initialState":{"affineTransform":[1,0,0,1,0,0],"masksToBounds":false,"rotation":0,"scale":1,"position":{"pointX":624.42711639404297,"pointY":299.89672851562494},"width":1235,"sublayerTransform":[1,0,0,0,0,1,0,0,0,0,1,0,0,0,0,1],"contentsRect":{"y":0,"x":0,"width":1,"height":1},"opacity":1,"edgeAntialiasingMask":0,"height":594,"hidden":false,"anchorPoint":{"pointX":0.5,"pointY":0.5}},"texture":"6E102BACF631EBB9F67F68765D24AA31"}]}]},{"animations":[],"initialState":{"affineTransform":[1,0,0,1,0,0],"masksToBounds":false,"rotation":0,"scale":1,"position":{"pointX":960,"pointY":540},"width":1920,"sublayerTransform":[1,0,0,0,0,1,0,0,0,0,1,0,0,0,0,1],"contentsRect":{"y":0,"x":0,"width":1,"height":1},"opacity":1,"edgeAntialiasingMask":251658240,"height":1080,"hidden":false,"anchorPoint":{"pointX":0.5,"pointY":0.5}},"layers":[{"animations":[],"initialState":{"affineTransform":[1,0,0,1,0,0],"masksToBounds":false,"rotation":0,"scale":1,"position":{"pointX":780.63125610351562,"pointY":864.9140625},"width":951,"sublayerTransform":[1,0,0,0,0,1,0,0,0,0,1,0,0,0,0,1],"contentsRect":{"y":0,"x":0,"width":1,"height":1},"opacity":1,"edgeAntialiasingMask":251658240,"height":342,"hidden":false,"anchorPoint":{"pointX":0.5,"pointY":0.5}},"objectID":"160ACA0D-79DA-4EB0-A383-819F85486659","layers":[{"animations":[],"layers":[],"texturedRectangle":{"isBackgroundTexture":true,"singleTextureOpacity":1,"textureType":5,"textBaseline":0,"textXHeight":0,"isVerticalText":false},"initialState":{"affineTransform":[1,0,0,1,0,0],"masksToBounds":false,"rotation":0,"scale":1,"position":{"pointX":470.36874389648438,"pointY":165.0859375},"width":951,"sublayerTransform":[1,0,0,0,0,1,0,0,0,0,1,0,0,0,0,1],"contentsRect":{"y":0,"x":0,"width":1,"height":1},"opacity":1,"edgeAntialiasingMask":0,"height":342,"hidden":true,"anchorPoint":{"pointX":0.5,"pointY":0.5}},"texture":"432CC767CEAD2CDDB9AF2646AFBF08C1"}]}]}]}},{"effects":[{"beginTime":0,"baseLayer":{"animations":[],"initialState":{"affineTransform":[1,0,0,1,0,0],"masksToBounds":false,"rotation":0,"scale":1,"position":{"pointX":488.59068298339844,"pointY":326.95669555664062},"width":749,"sublayerTransform":[1,0,0,0,0,1,0,0,0,0,1,0,0,0,0,1],"contentsRect":{"y":0,"x":0,"width":1,"height":1},"opacity":0.33030936121940613,"edgeAntialiasingMask":251658240,"height":116,"hidden":false,"anchorPoint":{"pointX":0.5,"pointY":0.5}},"objectID":"1E0F4DFB-FC95-4E28-BA18-ED5BFA091628","layers":[{"animations":[],"initialState":{"affineTransform":[1,0,0,1,0,0],"masksToBounds":false,"rotation":0,"scale":1,"position":{"pointX":845.90931701660156,"pointY":271.04330444335938},"width":749,"sublayerTransform":[1,0,0,0,0,1,0,0,0,0,1,-0.00035007912466775983,0,0,0,1],"contentsRect":{"y":0,"x":0,"width":1,"height":1},"opacity":1,"edgeAntialiasingMask":251658240,"height":116,"hidden":false,"anchorPoint":{"pointX":1.1293849359367176,"pointY":2.3365802107186151}},"layers":[{"animations":[{"additive":false,"timeOffset":0,"beginTime":1e-100,"repeatCount":0,"fillMode":"both","duration":0.01,"autoreverses":false,"animations":[{"additive":false,"timeOffset":0,"beginTime":0,"from":{"scalar":true},"repeatCount":0,"fillMode":"both","duration":0.0001,"autoreverses":false,"property":"hidden","to":{"scalar":false},"removedOnCompletion":true},{"additive":false,"timeOffset":0,"beginTime":0.0001,"from":{"scalar":false},"repeatCount":0,"fillMode":"forwards","duration":0.0099000000000000008,"autoreverses":false,"property":"hidden","to":{"scalar":false},"removedOnCompletion":true}],"removedOnCompletion":false}],"layers":[],"texturedRectangle":{"singleTextureOpacity":0.33030936121940613,"textXHeight":0,"shapePath":{"lineWidth":1,"flatness":0.59999999999999998,"lineCapStyle":0,"elements":[{"type":"MoveToPoint","points":[[52.156025899076468,5.956695556640625]]},{"type":"AddLine","points":[[696.49524973568919,5.956695556640625]]},{"type":"AddCurve","points":[[710.30653949488499,5.956695556640625],[718.59331335040247,5.956695556640625],[724.11782925408079,8.2631068091446878]]},{"type":"AddCurve","points":[[732.08189637240741,11.161790183913809],[738.355498024094,17.435391835600399],[741.25418139886312,25.399458953927024]]},{"type":"AddCurve","points":[[743.56059265136719,30.923974857605344],[743.56059265136719,39.210748713122825],[743.56059265136719,53.022038472318627]]},{"type":"AddLine","points":[[743.56059265136719,63.241633402681373]]},{"type":"AddCurve","points":[[743.56059265136719,77.052923161877175],[743.56059265136719,85.339697017394656],[741.25418139886312,90.864212921072976]]},{"type":"AddCurve","points":[[738.355498024094,98.828280039399601],[732.08189637240741,105.10188169108619],[724.11782925408079,108.00056506585531]]},{"type":"AddCurve","points":[[718.59331335040247,110.30697631835938],[710.30653949488499,110.30697631835938],[696.49524973568919,110.30697631835938]]},{"type":"AddLine","points":[[52.156025899076468,110.30697631835938]]},{"type":"AddCurve","points":[[38.344736139880638,110.30697631835938],[30.057962284363157,110.30697631835938],[24.533446380684836,108.00056506585531]]},{"type":"AddCurve","points":[[16.56937926235824,105.10188169108619],[10.295777610671621,98.828280039399601],[7.3970942359025287,90.864212921072976]]},{"type":"AddCurve","points":[[5.0906829833984375,85.339697017394656],[5.0906829833984375,77.052923161877175],[5.0906829833984375,63.241633402681373]]},{"type":"AddLine","points":[[5.0906829833984375,53.022038472318627]]},{"type":"AddCurve","points":[[5.0906829833984375,39.210748713122825],[5.0906829833984375,30.923974857605344],[7.3970942359025287,25.399458953927024]]},{"type":"AddCurve","points":[[10.295777610671621,17.435391835600399],[16.56937926235824,11.161790183913809],[24.533446380684836,8.2631068091446878]]},{"type":"AddCurve","points":[[30.057962284363157,5.956695556640625],[38.344736139880638,5.956695556640625],[52.156025899076468,5.956695556640625]]},{"type":"CloseSubpath"},{"type":"MoveToPoint","points":[[52.156025899076468,5.956695556640625]]}],"windingRule":0,"lineJoinStyle":0,"miterLimit":10},"isBackgroundTexture":true,"textBaseline":0,"isVerticalText":false,"textureType":5},"initialState":{"affineTransform":[1,0,0,1,0,0],"masksToBounds":false,"rotation":0,"scale":1,"position":{"pointX":373.40931701660156,"pointY":56.043304443359375},"width":749,"sublayerTransform":[1,0,0,0,0,1,0,0,0,0,1,0,0,0,0,1],"contentsRect":{"y":0,"x":0,"width":1,"height":1},"opacity":1,"edgeAntialiasingMask":0,"height":116,"hidden":true,"anchorPoint":{"pointX":0.5,"pointY":0.5}},"texture":"A69AAB3FDD95E117FF9CE079CB36A298"}]}]},"effects":[],"duration":0.01,"type":"buildIn","attributes":{"direction":0},"name":"apple:bc-appear","objectID":"1E0F4DFB-FC95-4E28-BA18-ED5BFA091628"}],"automaticPlay":false,"hyperlinks":[],"accessibility":[{"text":"equation.pdf","targetRectangle":{"y":399.20943289967727,"x":392.30629289150238,"width":393.84929540358848,"height":69.85767143865445}},{"text":"equation.pdf","targetRectangle":{"y":507.08133552892957,"x":789.18129289150238,"width":51.883099012130288,"height":61.770557367913057}},{"text":"￼","targetRectangle":{"y":292.103271484375,"x":132.07289445400238,"width":707.8486083306226,"height":69.006847845059667}},{"text":"Proving ￼ and ￼","targetRectangle":{"y":354.20943289967727,"x":228.07289445400238,"width":1091.792379818339,"height":114.85767143865445}},{"text":"Prover prepares and inputs ￼ and ￼ ","targetRectangle":{"y":462.08133552892957,"x":228.07289445400238,"width":778.33827255788356,"height":106.77055736791306}},{"text":"Verifier checks","targetRectangle":{"y":562.67483568732655,"x":228.07289445400238,"width":298.486328125,"height":103}},{"text":" ￼ ","targetRectangle":{"y":659.87483430449879,"x":324.07289445400238,"width":548.57767847067396,"height":114.85767143865439}},{"text":"￼","targetRectangle":{"y":767.74673693375109,"x":324.07289445400238,"width":561.00819045295896,"height":114.85767143865439}},{"text":"equation.pdf","targetRectangle":{"y":292.103271484375,"x":132.07289445400238,"width":707.8486083306226,"height":69.006847845059667}},{"text":"Verifying resolution rule application via polynomials equivalence","targetRectangle":{"y":180.44745779037476,"x":98.599999904632568,"width":1775.739990234375,"height":63}},{"text":"equation.pdf","targetRectangle":{"y":399.20943289967727,"x":885.76496329509087,"width":434.1003109772505,"height":69.85767143865445}},{"text":"equation.pdf","targetRectangle":{"y":812.74673693375098,"x":324.07289445400238,"width":561.00819045295896,"height":69.857671438654506}},{"text":"equation.pdf","targetRectangle":{"y":704.87483430449879,"x":337.96449601650238,"width":520.79447534567396,"height":69.857671438654506}},{"text":"Check applications of resolution rule","targetRectangle":{"y":79,"x":99,"width":1520.7230482809246,"height":98}},{"text":"equation.pdf","targetRectangle":{"y":507.08133552892957,"x":940.67376690363267,"width":51.845798545753269,"height":61.770557367913057}},{"text":"Prove in ZK","targetRectangle":{"y":840.9234247568919,"x":923.98150253721644,"width":241.49774941109524,"height":125.39753600632855}}],"baseLayer":{"animations":[],"initialState":{"affineTransform":[1,0,0,1,0,0],"masksToBounds":false,"rotation":0,"scale":1,"position":{"pointX":960,"pointY":540},"width":1920,"sublayerTransform":[1,0,0,0,0,1,0,0,0,0,1,0,0,0,0,1],"contentsRect":{"y":0,"x":0,"width":1,"height":1},"opacity":1,"edgeAntialiasingMask":251658240,"height":1080,"hidden":false,"anchorPoint":{"pointX":0.5,"pointY":0.5}},"layers":[{"animations":[],"initialState":{"affineTransform":[1,0,0,1,0,0],"masksToBounds":false,"rotation":0,"scale":1,"position":{"pointX":960,"pointY":540},"width":1920,"sublayerTransform":[1,0,0,0,0,1,0,0,0,0,1,0,0,0,0,1],"contentsRect":{"y":0,"x":0,"width":1,"height":1},"opacity":1,"edgeAntialiasingMask":251658240,"height":1080,"hidden":false,"anchorPoint":{"pointX":0.5,"pointY":0.5}},"layers":[{"animations":[],"initialState":{"affineTransform":[1,0,0,1,0,0],"masksToBounds":false,"rotation":0,"scale":1,"position":{"pointX":960,"pointY":540},"width":1920,"sublayerTransform":[1,0,0,0,0,1,0,0,0,0,1,0,0,0,0,1],"contentsRect":{"y":0,"x":0,"width":1,"height":1},"opacity":1,"edgeAntialiasingMask":251658240,"height":1080,"hidden":false,"anchorPoint":{"pointX":0.5,"pointY":0.5}},"layers":[{"animations":[],"layers":[],"texturedRectangle":{"isBackgroundTexture":true,"singleTextureOpacity":1,"textureType":1,"textBaseline":0,"textXHeight":0,"isVerticalText":false},"initialState":{"affineTransform":[1,0,0,1,0,0],"masksToBounds":false,"rotation":0,"scale":1,"position":{"pointX":960,"pointY":540},"width":1920,"sublayerTransform":[1,0,0,0,0,1,0,0,0,0,1,0,0,0,0,1],"contentsRect":{"y":0,"x":0,"width":1,"height":1},"opacity":1,"edgeAntialiasingMask":0,"height":1080,"hidden":false,"anchorPoint":{"pointX":0.5,"pointY":0.5}},"texture":"C25C25FF361FB24FC35F6B120D2F252D"}]}]},{"animations":[],"initialState":{"affineTransform":[1,0,0,1,0,0],"masksToBounds":false,"rotation":0,"scale":1,"position":{"pointX":960,"pointY":540},"width":1920,"sublayerTransform":[1,0,0,0,0,1,0,0,0,0,1,0,0,0,0,1],"contentsRect":{"y":0,"x":0,"width":1,"height":1},"opacity":1,"edgeAntialiasingMask":251658240,"height":1080,"hidden":false,"anchorPoint":{"pointX":0.5,"pointY":0.5}},"layers":[{"animations":[],"initialState":{"affineTransform":[1,0,0,1,0,0],"masksToBounds":false,"rotation":0,"scale":1,"position":{"pointX":488.59068298339844,"pointY":326.95669555664062},"width":749,"sublayerTransform":[1,0,0,0,0,1,0,0,0,0,1,0,0,0,0,1],"contentsRect":{"y":0,"x":0,"width":1,"height":1},"opacity":0.33030936121940613,"edgeAntialiasingMask":251658240,"height":116,"hidden":false,"anchorPoint":{"pointX":0.5,"pointY":0.5}},"objectID":"1E0F4DFB-FC95-4E28-BA18-ED5BFA091628","layers":[{"animations":[],"layers":[],"texturedRectangle":{"singleTextureOpacity":0.33030936121940613,"textXHeight":0,"shapePath":{"lineWidth":1,"flatness":0.59999999999999998,"lineCapStyle":0,"elements":[{"type":"MoveToPoint","points":[[52.156025899076468,5.956695556640625]]},{"type":"AddLine","points":[[696.49524973568919,5.956695556640625]]},{"type":"AddCurve","points":[[710.30653949488499,5.956695556640625],[718.59331335040247,5.956695556640625],[724.11782925408079,8.2631068091446878]]},{"type":"AddCurve","points":[[732.08189637240741,11.161790183913809],[738.355498024094,17.435391835600399],[741.25418139886312,25.399458953927024]]},{"type":"AddCurve","points":[[743.56059265136719,30.923974857605344],[743.56059265136719,39.210748713122825],[743.56059265136719,53.022038472318627]]},{"type":"AddLine","points":[[743.56059265136719,63.241633402681373]]},{"type":"AddCurve","points":[[743.56059265136719,77.052923161877175],[743.56059265136719,85.339697017394656],[741.25418139886312,90.864212921072976]]},{"type":"AddCurve","points":[[738.355498024094,98.828280039399601],[732.08189637240741,105.10188169108619],[724.11782925408079,108.00056506585531]]},{"type":"AddCurve","points":[[718.59331335040247,110.30697631835938],[710.30653949488499,110.30697631835938],[696.49524973568919,110.30697631835938]]},{"type":"AddLine","points":[[52.156025899076468,110.30697631835938]]},{"type":"AddCurve","points":[[38.344736139880638,110.30697631835938],[30.057962284363157,110.30697631835938],[24.533446380684836,108.00056506585531]]},{"type":"AddCurve","points":[[16.56937926235824,105.10188169108619],[10.295777610671621,98.828280039399601],[7.3970942359025287,90.864212921072976]]},{"type":"AddCurve","points":[[5.0906829833984375,85.339697017394656],[5.0906829833984375,77.052923161877175],[5.0906829833984375,63.241633402681373]]},{"type":"AddLine","points":[[5.0906829833984375,53.022038472318627]]},{"type":"AddCurve","points":[[5.0906829833984375,39.210748713122825],[5.0906829833984375,30.923974857605344],[7.3970942359025287,25.399458953927024]]},{"type":"AddCurve","points":[[10.295777610671621,17.435391835600399],[16.56937926235824,11.161790183913809],[24.533446380684836,8.2631068091446878]]},{"type":"AddCurve","points":[[30.057962284363157,5.956695556640625],[38.344736139880638,5.956695556640625],[52.156025899076468,5.956695556640625]]},{"type":"CloseSubpath"},{"type":"MoveToPoint","points":[[52.156025899076468,5.956695556640625]]}],"windingRule":0,"lineJoinStyle":0,"miterLimit":10},"isBackgroundTexture":true,"textBaseline":0,"isVerticalText":false,"textureType":5},"initialState":{"affineTransform":[1,0,0,1,0,0],"masksToBounds":false,"rotation":0,"scale":1,"position":{"pointX":373.40931701660156,"pointY":56.043304443359375},"width":749,"sublayerTransform":[1,0,0,0,0,1,0,0,0,0,1,0,0,0,0,1],"contentsRect":{"y":0,"x":0,"width":1,"height":1},"opacity":1,"edgeAntialiasingMask":0,"height":116,"hidden":true,"anchorPoint":{"pointX":0.5,"pointY":0.5}},"texture":"A69AAB3FDD95E117FF9CE079CB36A298"}]}]},{"animations":[],"initialState":{"affineTransform":[1,0,0,1,0,0],"masksToBounds":false,"rotation":0,"scale":1,"position":{"pointX":960,"pointY":540},"width":1920,"sublayerTransform":[1,0,0,0,0,1,0,0,0,0,1,0,0,0,0,1],"contentsRect":{"y":0,"x":0,"width":1,"height":1},"opacity":1,"edgeAntialiasingMask":251658240,"height":1080,"hidden":false,"anchorPoint":{"pointX":0.5,"pointY":0.5}},"layers":[{"animations":[],"initialState":{"affineTransform":[1,0,0,1,0,0],"masksToBounds":false,"rotation":0,"scale":1,"position":{"pointX":854.5,"pointY":115.50000000000003},"width":1519,"sublayerTransform":[1,0,0,0,0,1,0,0,0,0,1,0,0,0,0,1],"contentsRect":{"y":0,"x":0,"width":1,"height":1},"opacity":1,"edgeAntialiasingMask":251658240,"height":81,"hidden":false,"anchorPoint":{"pointX":0.5,"pointY":0.5}},"layers":[{"animations":[],"layers":[],"texturedRectangle":{"singleTextureOpacity":1,"textXHeight":0.52622853973765427,"textBaseline":0.7411928530092593,"isBackgroundTexture":true,"isVerticalText":false,"textColor":[0,0.30196079611778259,0.50196081399917603,1],"textureType":6},"initialState":{"affineTransform":[1,0,0,1,0,0],"masksToBounds":false,"rotation":0,"scale":1,"position":{"pointX":765.5,"pointY":62.499999999999972},"width":1519,"sublayerTransform":[1,0,0,0,0,1,0,0,0,0,1,0,0,0,0,1],"contentsRect":{"y":0,"x":0,"width":1,"height":1},"opacity":1,"edgeAntialiasingMask":0,"height":81,"hidden":false,"anchorPoint":{"pointX":0.5,"pointY":0.5}},"texture":"EB34D65164AEF4A415DBD7117C4CDCE3"}]}]},{"animations":[],"initialState":{"affineTransform":[1,0,0,1,0,0],"masksToBounds":false,"rotation":0,"scale":1,"position":{"pointX":960,"pointY":540},"width":1920,"sublayerTransform":[1,0,0,0,0,1,0,0,0,0,1,0,0,0,0,1],"contentsRect":{"y":0,"x":0,"width":1,"height":1},"opacity":1,"edgeAntialiasingMask":251658240,"height":1080,"hidden":false,"anchorPoint":{"pointX":0.5,"pointY":0.5}},"layers":[{"animations":[],"initialState":{"affineTransform":[1,0,0,1,0,0],"masksToBounds":false,"rotation":0,"scale":1,"position":{"pointX":983,"pointY":203.84745788574219},"width":1776,"sublayerTransform":[1,0,0,0,0,1,0,0,0,0,1,0,0,0,0,1],"contentsRect":{"y":0,"x":0,"width":1,"height":1},"opacity":1,"edgeAntialiasingMask":251658240,"height":54,"hidden":false,"anchorPoint":{"pointX":0.5,"pointY":0.5}},"layers":[{"animations":[],"layers":[],"texturedRectangle":{"singleTextureOpacity":1,"textXHeight":0.5056437174479167,"textBaseline":0.73442874307985662,"isBackgroundTexture":true,"isVerticalText":false,"textColor":[0,0,0,1],"textureType":6},"initialState":{"affineTransform":[1,0,0,1,0,0],"masksToBounds":false,"rotation":0,"scale":1,"position":{"pointX":891,"pointY":41.152542114257812},"width":1776,"sublayerTransform":[1,0,0,0,0,1,0,0,0,0,1,0,0,0,0,1],"contentsRect":{"y":0,"x":0,"width":1,"height":1},"opacity":1,"edgeAntialiasingMask":0,"height":54,"hidden":false,"anchorPoint":{"pointX":0.5,"pointY":0.5}},"texture":"BB2A571D9BC927B2FBA4F09001536039"}]}]},{"animations":[],"initialState":{"affineTransform":[1,0,0,1,0,0],"masksToBounds":false,"rotation":0,"scale":1,"position":{"pointX":960,"pointY":540},"width":1920,"sublayerTransform":[1,0,0,0,0,1,0,0,0,0,1,0,0,0,0,1],"contentsRect":{"y":0,"x":0,"width":1,"height":1},"opacity":1,"edgeAntialiasingMask":251658240,"height":1080,"hidden":false,"anchorPoint":{"pointX":0.5,"pointY":0.5}},"layers":[{"animations":[],"initialState":{"affineTransform":[1,0,0,1,0,0],"masksToBounds":false,"rotation":0,"scale":1,"position":{"pointX":697.57288360595703,"pointY":585.103271484375},"width":1235,"sublayerTransform":[1,0,0,0,0,1,0,0,0,0,1,0,0,0,0,1],"contentsRect":{"y":0,"x":0,"width":1,"height":1},"opacity":1,"edgeAntialiasingMask":251658240,"height":594,"hidden":false,"anchorPoint":{"pointX":0.5,"pointY":0.5}},"layers":[{"animations":[],"layers":[],"texturedRectangle":{"singleTextureOpacity":1,"textXHeight":0.03785412720959596,"textBaseline":0.95955054231876447,"isBackgroundTexture":true,"isVerticalText":false,"textColor":[0,0,0,1],"textureType":6},"initialState":{"affineTransform":[1,0,0,1,0,0],"masksToBounds":false,"rotation":0,"scale":1,"position":{"pointX":624.42711639404297,"pointY":299.89672851562494},"width":1235,"sublayerTransform":[1,0,0,0,0,1,0,0,0,0,1,0,0,0,0,1],"contentsRect":{"y":0,"x":0,"width":1,"height":1},"opacity":1,"edgeAntialiasingMask":0,"height":594,"hidden":false,"anchorPoint":{"pointX":0.5,"pointY":0.5}},"texture":"6E102BACF631EBB9F67F68765D24AA31"}]}]},{"animations":[],"initialState":{"affineTransform":[1,0,0,1,0,0],"masksToBounds":false,"rotation":0,"scale":1,"position":{"pointX":960,"pointY":540},"width":1920,"sublayerTransform":[1,0,0,0,0,1,0,0,0,0,1,0,0,0,0,1],"contentsRect":{"y":0,"x":0,"width":1,"height":1},"opacity":1,"edgeAntialiasingMask":251658240,"height":1080,"hidden":false,"anchorPoint":{"pointX":0.5,"pointY":0.5}},"layers":[{"animations":[],"initialState":{"affineTransform":[1,0,0,1,0,0],"masksToBounds":false,"rotation":0,"scale":1,"position":{"pointX":780.63125610351562,"pointY":864.9140625},"width":951,"sublayerTransform":[1,0,0,0,0,1,0,0,0,0,1,0,0,0,0,1],"contentsRect":{"y":0,"x":0,"width":1,"height":1},"opacity":1,"edgeAntialiasingMask":251658240,"height":342,"hidden":false,"anchorPoint":{"pointX":0.5,"pointY":0.5}},"objectID":"160ACA0D-79DA-4EB0-A383-819F85486659","layers":[{"animations":[],"layers":[],"texturedRectangle":{"isBackgroundTexture":true,"singleTextureOpacity":1,"textureType":5,"textBaseline":0,"textXHeight":0,"isVerticalText":false},"initialState":{"affineTransform":[1,0,0,1,0,0],"masksToBounds":false,"rotation":0,"scale":1,"position":{"pointX":470.36874389648438,"pointY":165.0859375},"width":951,"sublayerTransform":[1,0,0,0,0,1,0,0,0,0,1,0,0,0,0,1],"contentsRect":{"y":0,"x":0,"width":1,"height":1},"opacity":1,"edgeAntialiasingMask":0,"height":342,"hidden":false,"anchorPoint":{"pointX":0.5,"pointY":0.5}},"texture":"432CC767CEAD2CDDB9AF2646AFBF08C1"}]}]}]}},{"effects":[{"beginTime":0,"baseLayer":{"animations":[],"initialState":{"affineTransform":[1,0,0,1,0,0],"masksToBounds":false,"rotation":0,"scale":1,"position":{"pointX":960,"pointY":540},"width":1920,"sublayerTransform":[1,0,0,0,0,1,0,0,0,0,1,0,0,0,0,1],"contentsRect":{"y":0,"x":0,"width":1,"height":1},"opacity":1,"edgeAntialiasingMask":251658240,"height":1080,"hidden":false,"anchorPoint":{"pointX":0.5,"pointY":0.5}},"objectID":"0","layers":[{"animations":[],"initialState":{"affineTransform":[1,0,0,1,0,0],"masksToBounds":false,"rotation":0,"scale":1,"position":{"pointX":960,"pointY":540},"width":1920,"sublayerTransform":[1,0,0,0,0,1,0,0,0,0,1,-0.00035007912466775983,0,0,0,1],"contentsRect":{"y":0,"x":0,"width":1,"height":1},"opacity":1,"edgeAntialiasingMask":251658240,"height":1080,"hidden":false,"anchorPoint":{"pointX":0.5,"pointY":0.5}},"layers":[{"animations":[],"layers":[],"texturedRectangle":{"isBackgroundTexture":false,"singleTextureOpacity":1,"textureType":0,"textBaseline":0,"textXHeight":0,"isVerticalText":false},"initialState":{"affineTransform":[1,0,0,1,0,0],"masksToBounds":false,"rotation":0,"scale":1,"position":{"pointX":960,"pointY":540},"width":1920,"sublayerTransform":[1,0,0,0,0,1,0,0,0,0,1,0,0,0,0,1],"contentsRect":{"y":0,"x":0,"width":1,"height":1},"opacity":1,"edgeAntialiasingMask":0,"height":1080,"hidden":false,"anchorPoint":{"pointX":0.5,"pointY":0.5}},"texture":"7E138B64814A770CAC02DF682A247F7A"},{"animations":[{"additive":false,"timeOffset":0,"beginTime":0,"from":{"scalar":false},"repeatCount":0,"fillMode":"both","duration":0.01,"autoreverses":false,"property":"hidden","to":{"scalar":true},"removedOnCompletion":false}],"layers":[],"texturedRectangle":{"isBackgroundTexture":false,"singleTextureOpacity":1,"textureType":0,"textBaseline":0,"textXHeight":0,"isVerticalText":false},"initialState":{"affineTransform":[1,0,0,1,0,0],"masksToBounds":false,"rotation":0,"scale":1,"position":{"pointX":960,"pointY":540},"width":1920,"sublayerTransform":[1,0,0,0,0,1,0,0,0,0,1,0,0,0,0,1],"contentsRect":{"y":0,"x":0,"width":1,"height":1},"opacity":1,"edgeAntialiasingMask":0,"height":1080,"hidden":false,"anchorPoint":{"pointX":0.5,"pointY":0.5}},"texture":"5AF1BEA991610476F124448463E7BBE9"}]}]},"effects":[],"duration":0.01,"type":"transition","attributes":{"direction":0},"name":"none","objectID":"0"}],"automaticPlay":false,"hyperlinks":[],"accessibility":[{"text":"equation.pdf","targetRectangle":{"y":399.20943289967727,"x":392.30629289150238,"width":393.84929540358848,"height":69.85767143865445}},{"text":"equation.pdf","targetRectangle":{"y":507.08133552892957,"x":789.18129289150238,"width":51.883099012130288,"height":61.770557367913057}},{"text":"￼","targetRectangle":{"y":292.103271484375,"x":132.07289445400238,"width":707.8486083306226,"height":69.006847845059667}},{"text":"Proving ￼ and ￼","targetRectangle":{"y":354.20943289967727,"x":228.07289445400238,"width":1091.792379818339,"height":114.85767143865445}},{"text":"Prover prepares and inputs ￼ and ￼ ","targetRectangle":{"y":462.08133552892957,"x":228.07289445400238,"width":778.33827255788356,"height":106.77055736791306}},{"text":"Verifier checks","targetRectangle":{"y":562.67483568732655,"x":228.07289445400238,"width":298.486328125,"height":103}},{"text":" ￼ ","targetRectangle":{"y":659.87483430449879,"x":324.07289445400238,"width":548.57767847067396,"height":114.85767143865439}},{"text":"￼","targetRectangle":{"y":767.74673693375109,"x":324.07289445400238,"width":561.00819045295896,"height":114.85767143865439}},{"text":"equation.pdf","targetRectangle":{"y":292.103271484375,"x":132.07289445400238,"width":707.8486083306226,"height":69.006847845059667}},{"text":"Verifying resolution rule application via polynomials equivalence","targetRectangle":{"y":180.44745779037476,"x":98.599999904632568,"width":1775.739990234375,"height":63}},{"text":"equation.pdf","targetRectangle":{"y":399.20943289967727,"x":885.76496329509087,"width":434.1003109772505,"height":69.85767143865445}},{"text":"equation.pdf","targetRectangle":{"y":812.74673693375098,"x":324.07289445400238,"width":561.00819045295896,"height":69.857671438654506}},{"text":"equation.pdf","targetRectangle":{"y":704.87483430449879,"x":337.96449601650238,"width":520.79447534567396,"height":69.857671438654506}},{"text":"Check applications of resolution rule","targetRectangle":{"y":79,"x":99,"width":1520.7230482809246,"height":98}},{"text":"equation.pdf","targetRectangle":{"y":507.08133552892957,"x":940.67376690363267,"width":51.845798545753269,"height":61.770557367913057}},{"text":"Prove in ZK","targetRectangle":{"y":840.9234247568919,"x":923.98150253721644,"width":241.49774941109524,"height":125.39753600632855}}],"baseLayer":{"animations":[],"initialState":{"affineTransform":[1,0,0,1,0,0],"masksToBounds":false,"rotation":0,"scale":1,"position":{"pointX":960,"pointY":540},"width":1920,"sublayerTransform":[1,0,0,0,0,1,0,0,0,0,1,0,0,0,0,1],"contentsRect":{"y":0,"x":0,"width":1,"height":1},"opacity":1,"edgeAntialiasingMask":251658240,"height":1080,"hidden":false,"anchorPoint":{"pointX":0.5,"pointY":0.5}},"objectID":"0","layers":[{"animations":[],"initialState":{"affineTransform":[1,0,0,1,0,0],"masksToBounds":false,"rotation":0,"scale":1,"position":{"pointX":960,"pointY":540},"width":1920,"sublayerTransform":[1,0,0,0,0,1,0,0,0,0,1,-0.00035007912466775983,0,0,0,1],"contentsRect":{"y":0,"x":0,"width":1,"height":1},"opacity":1,"edgeAntialiasingMask":251658240,"height":1080,"hidden":false,"anchorPoint":{"pointX":0.5,"pointY":0.5}},"layers":[{"animations":[],"layers":[],"texturedRectangle":{"isBackgroundTexture":false,"singleTextureOpacity":1,"textureType":0,"textBaseline":0,"textXHeight":0,"isVerticalText":false},"initialState":{"affineTransform":[1,0,0,1,0,0],"masksToBounds":false,"rotation":0,"scale":1,"position":{"pointX":960,"pointY":540},"width":1920,"sublayerTransform":[1,0,0,0,0,1,0,0,0,0,1,0,0,0,0,1],"contentsRect":{"y":0,"x":0,"width":1,"height":1},"opacity":1,"edgeAntialiasingMask":0,"height":1080,"hidden":false,"anchorPoint":{"pointX":0.5,"pointY":0.5}},"texture":"5AF1BEA991610476F124448463E7BBE9"}]}]}}]}