{"assets":{"913B39437664492DACAA0D6A8276BBBD":{"type":"texture","index":1,"assetRequest":{"type":"slide","state":"contents","slide":"none"},"url":{"native":"assets\/BFE48D3D-59CE-4CD0-90A4-2BDB06F1D860.pdf"},"width":669,"height":189},"C25C25FF361FB24FC35F6B120D2F252D":{"type":"texture","index":0,"assetRequest":{"type":"slide","state":"contents","slide":"none"},"url":{"native":"assets\/BFE48D3D-59CE-4CD0-90A4-2BDB06F1D860.pdf"},"width":1920,"height":1080},"89367F0685348D7503E2DC26640C02EC":{"type":"texture","index":6,"assetRequest":{"type":"slide","state":"contents","slide":"none"},"url":{"native":"assets\/BFE48D3D-59CE-4CD0-90A4-2BDB06F1D860.pdf"},"width":1920,"height":1080},"1C885909C64617A98EB5A642EFE8A59C":{"type":"texture","index":3,"assetRequest":{"type":"slide","state":"contents","slide":"none"},"url":{"native":"assets\/BFE48D3D-59CE-4CD0-90A4-2BDB06F1D860.pdf"},"width":1135,"height":291},"F332A4D13F4105F18DA7382F878EF2B2":{"type":"texture","index":2,"assetRequest":{"type":"slide","state":"contents","slide":"none"},"url":{"native":"assets\/BFE48D3D-59CE-4CD0-90A4-2BDB06F1D860.pdf"},"width":1346,"height":181},"1F56893B1B3CF85BC611C5D0E1F9637C":{"type":"texture","index":5,"assetRequest":{"type":"slide","state":"contents","slide":"none"},"url":{"native":"assets\/BFE48D3D-59CE-4CD0-90A4-2BDB06F1D860.pdf"},"width":1920,"height":1080},"7E875F4A1A4FD83A41444FFF85CCB5A0":{"type":"texture","index":4,"assetRequest":{"type":"slide","state":"contents","slide":"none"},"url":{"native":"assets\/BFE48D3D-59CE-4CD0-90A4-2BDB06F1D860.pdf"},"width":1703,"height":69}},"events":[{"effects":[{"beginTime":0,"baseLayer":{"animations":[],"initialState":{"affineTransform":[1,0,0,1,0,0],"masksToBounds":false,"rotation":0,"scale":1,"position":{"pointX":756.26277160644531,"pointY":709.730712890625},"width":1135,"sublayerTransform":[1,0,0,0,0,1,0,0,0,0,1,0,0,0,0,1],"contentsRect":{"y":0,"x":0,"width":1,"height":1},"opacity":1,"edgeAntialiasingMask":251658240,"height":291,"hidden":false,"anchorPoint":{"pointX":0.5,"pointY":0.5}},"objectID":"3B25DF87-20BE-4402-90BF-93CDEBDB1088","layers":[{"animations":[],"initialState":{"affineTransform":[1,0,0,1,0,0],"masksToBounds":false,"rotation":0,"scale":1,"position":{"pointX":771.23722839355469,"pointY":-24.230712890625},"width":1135,"sublayerTransform":[1,0,0,0,0,1,0,0,0,0,1,-0.00035007912466775983,0,0,0,1],"contentsRect":{"y":0,"x":0,"width":1,"height":1},"opacity":1,"edgeAntialiasingMask":251658240,"height":291,"hidden":false,"anchorPoint":{"pointX":0.67950416598551078,"pointY":-0.083267054606958768}},"layers":[{"animations":[{"additive":false,"timeOffset":0,"beginTime":1e-100,"repeatCount":0,"fillMode":"both","duration":0.01,"autoreverses":false,"animations":[{"additive":false,"timeOffset":0,"beginTime":0,"from":{"scalar":true},"repeatCount":0,"fillMode":"both","duration":0.0001,"autoreverses":false,"property":"hidden","to":{"scalar":false},"removedOnCompletion":true},{"additive":false,"timeOffset":0,"beginTime":0.0001,"from":{"scalar":false},"repeatCount":0,"fillMode":"forwards","duration":0.0099000000000000008,"autoreverses":false,"property":"hidden","to":{"scalar":false},"removedOnCompletion":true}],"removedOnCompletion":false}],"layers":[],"texturedRectangle":{"isBackgroundTexture":true,"singleTextureOpacity":1,"textureType":5,"textBaseline":0,"textXHeight":0,"isVerticalText":false},"initialState":{"affineTransform":[1,0,0,1,0,0],"masksToBounds":false,"rotation":0,"scale":1,"position":{"pointX":556.73722839355469,"pointY":144.269287109375},"width":1135,"sublayerTransform":[1,0,0,0,0,1,0,0,0,0,1,0,0,0,0,1],"contentsRect":{"y":0,"x":0,"width":1,"height":1},"opacity":1,"edgeAntialiasingMask":0,"height":291,"hidden":true,"anchorPoint":{"pointX":0.5,"pointY":0.5}},"texture":"1C885909C64617A98EB5A642EFE8A59C"}]}]},"effects":[],"duration":0.01,"type":"buildIn","attributes":{"direction":0},"name":"apple:appear","objectID":"3B25DF87-20BE-4402-90BF-93CDEBDB1088"}],"automaticPlay":false,"hyperlinks":[],"accessibility":[{"text":"Read-Only Array in ZK [Franzese, 21]","targetRectangle":{"y":783.30281972885132,"x":192.36277151107788,"width":941.92897949218786,"height":56}},{"text":"Proving Unsatisfiability in Zero Knowledge Proof","targetRectangle":{"y":78.995216369628906,"x":76.150909423828125,"width":1702.4758257508317,"height":83}},{"text":"ZKUNSAT","targetRectangle":{"y":429.30874633789062,"x":852.77264404296875,"width":176.77734375,"height":46}},{"text":"Check the validity of premise clauses","targetRectangle":{"y":630.230712890625,"x":307.15316772460938,"width":598.06640625,"height":46}}],"baseLayer":{"animations":[],"initialState":{"affineTransform":[1,0,0,1,0,0],"masksToBounds":false,"rotation":0,"scale":1,"position":{"pointX":960,"pointY":540},"width":1920,"sublayerTransform":[1,0,0,0,0,1,0,0,0,0,1,0,0,0,0,1],"contentsRect":{"y":0,"x":0,"width":1,"height":1},"opacity":1,"edgeAntialiasingMask":251658240,"height":1080,"hidden":false,"anchorPoint":{"pointX":0.5,"pointY":0.5}},"layers":[{"animations":[],"initialState":{"affineTransform":[1,0,0,1,0,0],"masksToBounds":false,"rotation":0,"scale":1,"position":{"pointX":960,"pointY":540},"width":1920,"sublayerTransform":[1,0,0,0,0,1,0,0,0,0,1,0,0,0,0,1],"contentsRect":{"y":0,"x":0,"width":1,"height":1},"opacity":1,"edgeAntialiasingMask":251658240,"height":1080,"hidden":false,"anchorPoint":{"pointX":0.5,"pointY":0.5}},"layers":[{"animations":[],"initialState":{"affineTransform":[1,0,0,1,0,0],"masksToBounds":false,"rotation":0,"scale":1,"position":{"pointX":960,"pointY":540},"width":1920,"sublayerTransform":[1,0,0,0,0,1,0,0,0,0,1,0,0,0,0,1],"contentsRect":{"y":0,"x":0,"width":1,"height":1},"opacity":1,"edgeAntialiasingMask":251658240,"height":1080,"hidden":false,"anchorPoint":{"pointX":0.5,"pointY":0.5}},"layers":[{"animations":[],"layers":[],"texturedRectangle":{"isBackgroundTexture":true,"singleTextureOpacity":1,"textureType":1,"textBaseline":0,"textXHeight":0,"isVerticalText":false},"initialState":{"affineTransform":[1,0,0,1,0,0],"masksToBounds":false,"rotation":0,"scale":1,"position":{"pointX":960,"pointY":540},"width":1920,"sublayerTransform":[1,0,0,0,0,1,0,0,0,0,1,0,0,0,0,1],"contentsRect":{"y":0,"x":0,"width":1,"height":1},"opacity":1,"edgeAntialiasingMask":0,"height":1080,"hidden":false,"anchorPoint":{"pointX":0.5,"pointY":0.5}},"texture":"C25C25FF361FB24FC35F6B120D2F252D"}]}]},{"animations":[],"initialState":{"affineTransform":[1,0,0,1,0,0],"masksToBounds":false,"rotation":0,"scale":1,"position":{"pointX":960,"pointY":540},"width":1920,"sublayerTransform":[1,0,0,0,0,1,0,0,0,0,1,0,0,0,0,1],"contentsRect":{"y":0,"x":0,"width":1,"height":1},"opacity":1,"edgeAntialiasingMask":251658240,"height":1080,"hidden":false,"anchorPoint":{"pointX":0.5,"pointY":0.5}},"layers":[{"animations":[],"initialState":{"affineTransform":[1,0,0,1,0,0],"masksToBounds":false,"rotation":0,"scale":1,"position":{"pointX":1284.7274169921875,"pointY":654.730712890625},"width":669,"sublayerTransform":[1,0,0,0,0,1,0,0,0,0,1,0,0,0,0,1],"contentsRect":{"y":0,"x":0,"width":1,"height":1},"opacity":1,"edgeAntialiasingMask":251658240,"height":189,"hidden":false,"anchorPoint":{"pointX":0.5,"pointY":0.5}},"objectID":"42F21735-591C-4900-9241-3D14A36DCAD0","layers":[{"animations":[],"layers":[],"texturedRectangle":{"singleTextureOpacity":1,"textXHeight":0,"shapePath":{"lineWidth":1,"flatness":0.59999999999999998,"lineCapStyle":0,"elements":[{"type":"MoveToPoint","points":[[46.004767546796757,5.230712890625]]},{"type":"AddLine","points":[[622.43157278523449,5.230712890625]]},{"type":"AddCurve","points":[[634.3976558780746,5.230712890625],[641.57730573377853,5.230712890625],[646.36373897091448,7.2289845346870152]]},{"type":"AddCurve","points":[[653.26379613837776,9.7403999583788163],[658.69923627208982,15.175840092090993],[661.21065169578173,22.075897259554267]]},{"type":"AddCurve","points":[[663.20892333984375,26.86233049669022],[663.20892333984375,34.041980352394262],[663.20892333984375,46.008063445234257]]},{"type":"AddLine","points":[[663.20892333984375,142.28762136921887]]},{"type":"AddCurve","points":[[663.20892333984375,154.25370446205886],[663.20892333984375,161.43335431776291],[661.21065169578173,166.21978755489886]]},{"type":"AddCurve","points":[[658.69923627208982,173.11984472236213],[653.26379613837776,178.55528485607431],[646.36373897091448,181.06670027976611]]},{"type":"AddCurve","points":[[641.57730573377853,183.06497192382812],[634.3976558780746,183.06497192382812],[622.43157278523449,183.06497192382812]]},{"type":"AddLine","points":[[46.004767546796757,183.06497192382812]]},{"type":"AddCurve","points":[[34.038684453956762,183.06497192382812],[26.85903459825272,183.06497192382812],[22.072601361116767,181.06670027976611]]},{"type":"AddCurve","points":[[15.172544193653493,178.55528485607431],[9.7371040599413163,173.11984472236213],[7.2256886362495152,166.21978755489886]]},{"type":"AddCurve","points":[[5.2274169921875,161.43335431776291],[5.2274169921875,154.25370446205886],[5.2274169921875,142.28762136921887]]},{"type":"AddLine","points":[[5.2274169921875,46.008063445234257]]},{"type":"AddCurve","points":[[5.2274169921875,34.041980352394262],[5.2274169921875,26.86233049669022],[7.2256886362495152,22.075897259554267]]},{"type":"AddCurve","points":[[9.7371040599413163,15.175840092090993],[15.172544193653493,9.7403999583788163],[22.072601361116767,7.2289845346870152]]},{"type":"AddCurve","points":[[26.85903459825272,5.230712890625],[34.038684453956762,5.230712890625],[46.004767546796757,5.230712890625]]},{"type":"CloseSubpath"},{"type":"MoveToPoint","points":[[46.004767546796757,5.230712890625]]}],"windingRule":0,"lineJoinStyle":0,"miterLimit":10},"isBackgroundTexture":true,"textBaseline":0,"isVerticalText":false,"textureType":5},"initialState":{"affineTransform":[1,0,0,1,0,0],"masksToBounds":false,"rotation":0,"scale":1,"position":{"pointX":333.2725830078125,"pointY":93.269287109375},"width":669,"sublayerTransform":[1,0,0,0,0,1,0,0,0,0,1,0,0,0,0,1],"contentsRect":{"y":0,"x":0,"width":1,"height":1},"opacity":1,"edgeAntialiasingMask":0,"height":189,"hidden":true,"anchorPoint":{"pointX":0.5,"pointY":0.5}},"texture":"913B39437664492DACAA0D6A8276BBBD"}]}]},{"animations":[],"initialState":{"affineTransform":[1,0,0,1,0,0],"masksToBounds":false,"rotation":0,"scale":1,"position":{"pointX":960,"pointY":540},"width":1920,"sublayerTransform":[1,0,0,0,0,1,0,0,0,0,1,0,0,0,0,1],"contentsRect":{"y":0,"x":0,"width":1,"height":1},"opacity":1,"edgeAntialiasingMask":251658240,"height":1080,"hidden":false,"anchorPoint":{"pointX":0.5,"pointY":0.5}},"layers":[{"animations":[],"initialState":{"affineTransform":[1,0,0,1,0,0],"masksToBounds":false,"rotation":0,"scale":1,"position":{"pointX":942.38006591796875,"pointY":453.80874633789062},"width":1346,"sublayerTransform":[1,0,0,0,0,1,0,0,0,0,1,0,0,0,0,1],"contentsRect":{"y":0,"x":0,"width":1,"height":1},"opacity":1,"edgeAntialiasingMask":251658240,"height":181,"hidden":false,"anchorPoint":{"pointX":0.5,"pointY":0.5}},"layers":[{"animations":[],"layers":[],"texturedRectangle":{"singleTextureOpacity":1,"textXHeight":0,"shapePath":{"lineWidth":1,"flatness":0.59999999999999998,"lineCapStyle":0,"elements":[{"type":"MoveToPoint","points":[[42.157416472578063,1.308746337890625]]},{"type":"AddLine","points":[[1304.1737602852345,1.308746337890625]]},{"type":"AddCurve","points":[[1316.1398433780746,1.308746337890625],[1323.3194932337785,1.308746337890625],[1328.1059264709145,3.3070179819526402]]},{"type":"AddCurve","points":[[1335.0059836383778,5.8184334056444413],[1340.44142377209,11.253873539356618],[1342.9528391957817,18.153930706819835]]},{"type":"AddCurve","points":[[1344.9511108398438,22.940363943955845],[1344.9511108398438,30.120013799659887],[1344.9511108398438,42.086096892499938]]},{"type":"AddLine","points":[[1344.9511108398438,138.36565481648444]]},{"type":"AddCurve","points":[[1344.9511108398438,150.33173790932449],[1344.9511108398438,157.51138776502853],[1342.9528391957817,162.29782100216448]]},{"type":"AddCurve","points":[[1340.44142377209,169.19787816962776],[1335.0059836383778,174.63331830333993],[1328.1059264709145,177.14473372703173]]},{"type":"AddCurve","points":[[1323.3194932337785,179.14300537109375],[1316.1398433780746,179.14300537109375],[1304.1737602852345,179.14300537109375]]},{"type":"AddLine","points":[[42.157416472578063,179.14300537109375]]},{"type":"AddCurve","points":[[30.191333379738012,179.14300537109375],[23.01168352403397,179.14300537109375],[18.22525028689796,177.14473372703173]]},{"type":"AddCurve","points":[[11.325193119434743,174.63331830333993],[5.8897529857225663,169.19787816962776],[3.3783375620307652,162.29782100216448]]},{"type":"AddCurve","points":[[1.38006591796875,157.51138776502853],[1.38006591796875,150.33173790932449],[1.38006591796875,138.36565481648444]]},{"type":"AddLine","points":[[1.38006591796875,42.086096892499938]]},{"type":"AddCurve","points":[[1.38006591796875,30.120013799659887],[1.38006591796875,22.940363943955845],[3.3783375620307652,18.153930706819835]]},{"type":"AddCurve","points":[[5.8897529857225663,11.253873539356562],[11.325193119434743,5.8184334056444413],[18.225250286898017,3.3070179819526402]]},{"type":"AddCurve","points":[[23.011683524034027,1.308746337890625],[30.191333379738012,1.308746337890625],[42.157416472578063,1.308746337890625]]},{"type":"CloseSubpath"},{"type":"MoveToPoint","points":[[42.157416472578063,1.308746337890625]]}],"windingRule":0,"lineJoinStyle":0,"miterLimit":10},"isBackgroundTexture":true,"textBaseline":0,"isVerticalText":false,"textureType":5},"initialState":{"affineTransform":[1,0,0,1,0,0],"masksToBounds":false,"rotation":0,"scale":1,"position":{"pointX":671.61993408203125,"pointY":89.191253662109375},"width":1346,"sublayerTransform":[1,0,0,0,0,1,0,0,0,0,1,0,0,0,0,1],"contentsRect":{"y":0,"x":0,"width":1,"height":1},"opacity":1,"edgeAntialiasingMask":0,"height":181,"hidden":false,"anchorPoint":{"pointX":0.5,"pointY":0.5}},"texture":"F332A4D13F4105F18DA7382F878EF2B2"}]}]},{"animations":[],"initialState":{"affineTransform":[1,0,0,1,0,0],"masksToBounds":false,"rotation":0,"scale":1,"position":{"pointX":960,"pointY":540},"width":1920,"sublayerTransform":[1,0,0,0,0,1,0,0,0,0,1,0,0,0,0,1],"contentsRect":{"y":0,"x":0,"width":1,"height":1},"opacity":1,"edgeAntialiasingMask":251658240,"height":1080,"hidden":false,"anchorPoint":{"pointX":0.5,"pointY":0.5}},"layers":[{"animations":[],"initialState":{"affineTransform":[1,0,0,1,0,0],"masksToBounds":false,"rotation":0,"scale":1,"position":{"pointX":756.26277160644531,"pointY":709.730712890625},"width":1135,"sublayerTransform":[1,0,0,0,0,1,0,0,0,0,1,0,0,0,0,1],"contentsRect":{"y":0,"x":0,"width":1,"height":1},"opacity":1,"edgeAntialiasingMask":251658240,"height":291,"hidden":false,"anchorPoint":{"pointX":0.5,"pointY":0.5}},"objectID":"3B25DF87-20BE-4402-90BF-93CDEBDB1088","layers":[{"animations":[],"layers":[],"texturedRectangle":{"isBackgroundTexture":true,"singleTextureOpacity":1,"textureType":5,"textBaseline":0,"textXHeight":0,"isVerticalText":false},"initialState":{"affineTransform":[1,0,0,1,0,0],"masksToBounds":false,"rotation":0,"scale":1,"position":{"pointX":556.73722839355469,"pointY":144.269287109375},"width":1135,"sublayerTransform":[1,0,0,0,0,1,0,0,0,0,1,0,0,0,0,1],"contentsRect":{"y":0,"x":0,"width":1,"height":1},"opacity":1,"edgeAntialiasingMask":0,"height":291,"hidden":true,"anchorPoint":{"pointX":0.5,"pointY":0.5}},"texture":"1C885909C64617A98EB5A642EFE8A59C"}]}]},{"animations":[],"initialState":{"affineTransform":[1,0,0,1,0,0],"masksToBounds":false,"rotation":0,"scale":1,"position":{"pointX":960,"pointY":540},"width":1920,"sublayerTransform":[1,0,0,0,0,1,0,0,0,0,1,0,0,0,0,1],"contentsRect":{"y":0,"x":0,"width":1,"height":1},"opacity":1,"edgeAntialiasingMask":251658240,"height":1080,"hidden":false,"anchorPoint":{"pointX":0.5,"pointY":0.5}},"layers":[{"animations":[],"initialState":{"affineTransform":[1,0,0,1,0,0],"masksToBounds":false,"rotation":0,"scale":1,"position":{"pointX":923.65090942382812,"pointY":109.49521636962891},"width":1703,"sublayerTransform":[1,0,0,0,0,1,0,0,0,0,1,0,0,0,0,1],"contentsRect":{"y":0,"x":0,"width":1,"height":1},"opacity":1,"edgeAntialiasingMask":251658240,"height":69,"hidden":false,"anchorPoint":{"pointX":0.5,"pointY":0.5}},"layers":[{"animations":[],"layers":[],"texturedRectangle":{"singleTextureOpacity":1,"textXHeight":0.51890709918478262,"textBaseline":0.74240547954172331,"isBackgroundTexture":true,"isVerticalText":false,"textColor":[0,0.30196079611778259,0.50196081399917603,1],"textureType":6},"initialState":{"affineTransform":[1,0,0,1,0,0],"masksToBounds":false,"rotation":0,"scale":1,"position":{"pointX":860.34909057617188,"pointY":53.504783630371094},"width":1703,"sublayerTransform":[1,0,0,0,0,1,0,0,0,0,1,0,0,0,0,1],"contentsRect":{"y":0,"x":0,"width":1,"height":1},"opacity":1,"edgeAntialiasingMask":0,"height":69,"hidden":false,"anchorPoint":{"pointX":0.5,"pointY":0.5}},"texture":"7E875F4A1A4FD83A41444FFF85CCB5A0"}]}]}]}},{"effects":[{"beginTime":0,"baseLayer":{"animations":[],"initialState":{"affineTransform":[1,0,0,1,0,0],"masksToBounds":false,"rotation":0,"scale":1,"position":{"pointX":1284.7274169921875,"pointY":654.730712890625},"width":669,"sublayerTransform":[1,0,0,0,0,1,0,0,0,0,1,0,0,0,0,1],"contentsRect":{"y":0,"x":0,"width":1,"height":1},"opacity":1,"edgeAntialiasingMask":251658240,"height":189,"hidden":false,"anchorPoint":{"pointX":0.5,"pointY":0.5}},"objectID":"42F21735-591C-4900-9241-3D14A36DCAD0","layers":[{"animations":[],"initialState":{"affineTransform":[1,0,0,1,0,0],"masksToBounds":false,"rotation":0,"scale":1,"position":{"pointX":9.7725830078125,"pointY":-20.230712890625},"width":669,"sublayerTransform":[1,0,0,0,0,1,0,0,0,0,1,-0.00035007912466775983,0,0,0,1],"contentsRect":{"y":0,"x":0,"width":1,"height":1},"opacity":1,"edgeAntialiasingMask":251658240,"height":189,"hidden":false,"anchorPoint":{"pointX":0.014607747395833334,"pointY":-0.10704080894510581}},"layers":[{"animations":[{"additive":false,"timeOffset":0,"beginTime":1e-100,"repeatCount":0,"fillMode":"both","duration":0.01,"autoreverses":false,"animations":[{"additive":false,"timeOffset":0,"beginTime":0,"from":{"scalar":true},"repeatCount":0,"fillMode":"both","duration":0.0001,"autoreverses":false,"property":"hidden","to":{"scalar":false},"removedOnCompletion":true},{"additive":false,"timeOffset":0,"beginTime":0.0001,"from":{"scalar":false},"repeatCount":0,"fillMode":"forwards","duration":0.0099000000000000008,"autoreverses":false,"property":"hidden","to":{"scalar":false},"removedOnCompletion":true}],"removedOnCompletion":false}],"layers":[],"texturedRectangle":{"singleTextureOpacity":1,"textXHeight":0,"shapePath":{"lineWidth":1,"flatness":0.59999999999999998,"lineCapStyle":0,"elements":[{"type":"MoveToPoint","points":[[46.004767546796757,5.230712890625]]},{"type":"AddLine","points":[[622.43157278523449,5.230712890625]]},{"type":"AddCurve","points":[[634.3976558780746,5.230712890625],[641.57730573377853,5.230712890625],[646.36373897091448,7.2289845346870152]]},{"type":"AddCurve","points":[[653.26379613837776,9.7403999583788163],[658.69923627208982,15.175840092090993],[661.21065169578173,22.075897259554267]]},{"type":"AddCurve","points":[[663.20892333984375,26.86233049669022],[663.20892333984375,34.041980352394262],[663.20892333984375,46.008063445234257]]},{"type":"AddLine","points":[[663.20892333984375,142.28762136921887]]},{"type":"AddCurve","points":[[663.20892333984375,154.25370446205886],[663.20892333984375,161.43335431776291],[661.21065169578173,166.21978755489886]]},{"type":"AddCurve","points":[[658.69923627208982,173.11984472236213],[653.26379613837776,178.55528485607431],[646.36373897091448,181.06670027976611]]},{"type":"AddCurve","points":[[641.57730573377853,183.06497192382812],[634.3976558780746,183.06497192382812],[622.43157278523449,183.06497192382812]]},{"type":"AddLine","points":[[46.004767546796757,183.06497192382812]]},{"type":"AddCurve","points":[[34.038684453956762,183.06497192382812],[26.85903459825272,183.06497192382812],[22.072601361116767,181.06670027976611]]},{"type":"AddCurve","points":[[15.172544193653493,178.55528485607431],[9.7371040599413163,173.11984472236213],[7.2256886362495152,166.21978755489886]]},{"type":"AddCurve","points":[[5.2274169921875,161.43335431776291],[5.2274169921875,154.25370446205886],[5.2274169921875,142.28762136921887]]},{"type":"AddLine","points":[[5.2274169921875,46.008063445234257]]},{"type":"AddCurve","points":[[5.2274169921875,34.041980352394262],[5.2274169921875,26.86233049669022],[7.2256886362495152,22.075897259554267]]},{"type":"AddCurve","points":[[9.7371040599413163,15.175840092090993],[15.172544193653493,9.7403999583788163],[22.072601361116767,7.2289845346870152]]},{"type":"AddCurve","points":[[26.85903459825272,5.230712890625],[34.038684453956762,5.230712890625],[46.004767546796757,5.230712890625]]},{"type":"CloseSubpath"},{"type":"MoveToPoint","points":[[46.004767546796757,5.230712890625]]}],"windingRule":0,"lineJoinStyle":0,"miterLimit":10},"isBackgroundTexture":true,"textBaseline":0,"isVerticalText":false,"textureType":5},"initialState":{"affineTransform":[1,0,0,1,0,0],"masksToBounds":false,"rotation":0,"scale":1,"position":{"pointX":333.2725830078125,"pointY":93.269287109375},"width":669,"sublayerTransform":[1,0,0,0,0,1,0,0,0,0,1,0,0,0,0,1],"contentsRect":{"y":0,"x":0,"width":1,"height":1},"opacity":1,"edgeAntialiasingMask":0,"height":189,"hidden":true,"anchorPoint":{"pointX":0.5,"pointY":0.5}},"texture":"913B39437664492DACAA0D6A8276BBBD"}]}]},"effects":[],"duration":0.01,"type":"buildIn","attributes":{"direction":0},"name":"apple:bc-appear","objectID":"42F21735-591C-4900-9241-3D14A36DCAD0"}],"automaticPlay":false,"hyperlinks":[],"accessibility":[{"text":"Read-Only Array in ZK [Franzese, 21]","targetRectangle":{"y":783.30281972885132,"x":192.36277151107788,"width":941.92897949218786,"height":56}},{"text":"Proving Unsatisfiability in Zero Knowledge Proof","targetRectangle":{"y":78.995216369628906,"x":76.150909423828125,"width":1702.4758257508317,"height":83}},{"text":"ZKUNSAT","targetRectangle":{"y":429.30874633789062,"x":852.77264404296875,"width":176.77734375,"height":46}},{"text":"Check the validity of premise clauses","targetRectangle":{"y":630.230712890625,"x":307.15316772460938,"width":598.06640625,"height":46}}],"baseLayer":{"animations":[],"initialState":{"affineTransform":[1,0,0,1,0,0],"masksToBounds":false,"rotation":0,"scale":1,"position":{"pointX":960,"pointY":540},"width":1920,"sublayerTransform":[1,0,0,0,0,1,0,0,0,0,1,0,0,0,0,1],"contentsRect":{"y":0,"x":0,"width":1,"height":1},"opacity":1,"edgeAntialiasingMask":251658240,"height":1080,"hidden":false,"anchorPoint":{"pointX":0.5,"pointY":0.5}},"layers":[{"animations":[],"initialState":{"affineTransform":[1,0,0,1,0,0],"masksToBounds":false,"rotation":0,"scale":1,"position":{"pointX":960,"pointY":540},"width":1920,"sublayerTransform":[1,0,0,0,0,1,0,0,0,0,1,0,0,0,0,1],"contentsRect":{"y":0,"x":0,"width":1,"height":1},"opacity":1,"edgeAntialiasingMask":251658240,"height":1080,"hidden":false,"anchorPoint":{"pointX":0.5,"pointY":0.5}},"layers":[{"animations":[],"initialState":{"affineTransform":[1,0,0,1,0,0],"masksToBounds":false,"rotation":0,"scale":1,"position":{"pointX":960,"pointY":540},"width":1920,"sublayerTransform":[1,0,0,0,0,1,0,0,0,0,1,0,0,0,0,1],"contentsRect":{"y":0,"x":0,"width":1,"height":1},"opacity":1,"edgeAntialiasingMask":251658240,"height":1080,"hidden":false,"anchorPoint":{"pointX":0.5,"pointY":0.5}},"layers":[{"animations":[],"layers":[],"texturedRectangle":{"isBackgroundTexture":true,"singleTextureOpacity":1,"textureType":1,"textBaseline":0,"textXHeight":0,"isVerticalText":false},"initialState":{"affineTransform":[1,0,0,1,0,0],"masksToBounds":false,"rotation":0,"scale":1,"position":{"pointX":960,"pointY":540},"width":1920,"sublayerTransform":[1,0,0,0,0,1,0,0,0,0,1,0,0,0,0,1],"contentsRect":{"y":0,"x":0,"width":1,"height":1},"opacity":1,"edgeAntialiasingMask":0,"height":1080,"hidden":false,"anchorPoint":{"pointX":0.5,"pointY":0.5}},"texture":"C25C25FF361FB24FC35F6B120D2F252D"}]}]},{"animations":[],"initialState":{"affineTransform":[1,0,0,1,0,0],"masksToBounds":false,"rotation":0,"scale":1,"position":{"pointX":960,"pointY":540},"width":1920,"sublayerTransform":[1,0,0,0,0,1,0,0,0,0,1,0,0,0,0,1],"contentsRect":{"y":0,"x":0,"width":1,"height":1},"opacity":1,"edgeAntialiasingMask":251658240,"height":1080,"hidden":false,"anchorPoint":{"pointX":0.5,"pointY":0.5}},"layers":[{"animations":[],"initialState":{"affineTransform":[1,0,0,1,0,0],"masksToBounds":false,"rotation":0,"scale":1,"position":{"pointX":1284.7274169921875,"pointY":654.730712890625},"width":669,"sublayerTransform":[1,0,0,0,0,1,0,0,0,0,1,0,0,0,0,1],"contentsRect":{"y":0,"x":0,"width":1,"height":1},"opacity":1,"edgeAntialiasingMask":251658240,"height":189,"hidden":false,"anchorPoint":{"pointX":0.5,"pointY":0.5}},"objectID":"42F21735-591C-4900-9241-3D14A36DCAD0","layers":[{"animations":[],"layers":[],"texturedRectangle":{"singleTextureOpacity":1,"textXHeight":0,"shapePath":{"lineWidth":1,"flatness":0.59999999999999998,"lineCapStyle":0,"elements":[{"type":"MoveToPoint","points":[[46.004767546796757,5.230712890625]]},{"type":"AddLine","points":[[622.43157278523449,5.230712890625]]},{"type":"AddCurve","points":[[634.3976558780746,5.230712890625],[641.57730573377853,5.230712890625],[646.36373897091448,7.2289845346870152]]},{"type":"AddCurve","points":[[653.26379613837776,9.7403999583788163],[658.69923627208982,15.175840092090993],[661.21065169578173,22.075897259554267]]},{"type":"AddCurve","points":[[663.20892333984375,26.86233049669022],[663.20892333984375,34.041980352394262],[663.20892333984375,46.008063445234257]]},{"type":"AddLine","points":[[663.20892333984375,142.28762136921887]]},{"type":"AddCurve","points":[[663.20892333984375,154.25370446205886],[663.20892333984375,161.43335431776291],[661.21065169578173,166.21978755489886]]},{"type":"AddCurve","points":[[658.69923627208982,173.11984472236213],[653.26379613837776,178.55528485607431],[646.36373897091448,181.06670027976611]]},{"type":"AddCurve","points":[[641.57730573377853,183.06497192382812],[634.3976558780746,183.06497192382812],[622.43157278523449,183.06497192382812]]},{"type":"AddLine","points":[[46.004767546796757,183.06497192382812]]},{"type":"AddCurve","points":[[34.038684453956762,183.06497192382812],[26.85903459825272,183.06497192382812],[22.072601361116767,181.06670027976611]]},{"type":"AddCurve","points":[[15.172544193653493,178.55528485607431],[9.7371040599413163,173.11984472236213],[7.2256886362495152,166.21978755489886]]},{"type":"AddCurve","points":[[5.2274169921875,161.43335431776291],[5.2274169921875,154.25370446205886],[5.2274169921875,142.28762136921887]]},{"type":"AddLine","points":[[5.2274169921875,46.008063445234257]]},{"type":"AddCurve","points":[[5.2274169921875,34.041980352394262],[5.2274169921875,26.86233049669022],[7.2256886362495152,22.075897259554267]]},{"type":"AddCurve","points":[[9.7371040599413163,15.175840092090993],[15.172544193653493,9.7403999583788163],[22.072601361116767,7.2289845346870152]]},{"type":"AddCurve","points":[[26.85903459825272,5.230712890625],[34.038684453956762,5.230712890625],[46.004767546796757,5.230712890625]]},{"type":"CloseSubpath"},{"type":"MoveToPoint","points":[[46.004767546796757,5.230712890625]]}],"windingRule":0,"lineJoinStyle":0,"miterLimit":10},"isBackgroundTexture":true,"textBaseline":0,"isVerticalText":false,"textureType":5},"initialState":{"affineTransform":[1,0,0,1,0,0],"masksToBounds":false,"rotation":0,"scale":1,"position":{"pointX":333.2725830078125,"pointY":93.269287109375},"width":669,"sublayerTransform":[1,0,0,0,0,1,0,0,0,0,1,0,0,0,0,1],"contentsRect":{"y":0,"x":0,"width":1,"height":1},"opacity":1,"edgeAntialiasingMask":0,"height":189,"hidden":true,"anchorPoint":{"pointX":0.5,"pointY":0.5}},"texture":"913B39437664492DACAA0D6A8276BBBD"}]}]},{"animations":[],"initialState":{"affineTransform":[1,0,0,1,0,0],"masksToBounds":false,"rotation":0,"scale":1,"position":{"pointX":960,"pointY":540},"width":1920,"sublayerTransform":[1,0,0,0,0,1,0,0,0,0,1,0,0,0,0,1],"contentsRect":{"y":0,"x":0,"width":1,"height":1},"opacity":1,"edgeAntialiasingMask":251658240,"height":1080,"hidden":false,"anchorPoint":{"pointX":0.5,"pointY":0.5}},"layers":[{"animations":[],"initialState":{"affineTransform":[1,0,0,1,0,0],"masksToBounds":false,"rotation":0,"scale":1,"position":{"pointX":942.38006591796875,"pointY":453.80874633789062},"width":1346,"sublayerTransform":[1,0,0,0,0,1,0,0,0,0,1,0,0,0,0,1],"contentsRect":{"y":0,"x":0,"width":1,"height":1},"opacity":1,"edgeAntialiasingMask":251658240,"height":181,"hidden":false,"anchorPoint":{"pointX":0.5,"pointY":0.5}},"layers":[{"animations":[],"layers":[],"texturedRectangle":{"singleTextureOpacity":1,"textXHeight":0,"shapePath":{"lineWidth":1,"flatness":0.59999999999999998,"lineCapStyle":0,"elements":[{"type":"MoveToPoint","points":[[42.157416472578063,1.308746337890625]]},{"type":"AddLine","points":[[1304.1737602852345,1.308746337890625]]},{"type":"AddCurve","points":[[1316.1398433780746,1.308746337890625],[1323.3194932337785,1.308746337890625],[1328.1059264709145,3.3070179819526402]]},{"type":"AddCurve","points":[[1335.0059836383778,5.8184334056444413],[1340.44142377209,11.253873539356618],[1342.9528391957817,18.153930706819835]]},{"type":"AddCurve","points":[[1344.9511108398438,22.940363943955845],[1344.9511108398438,30.120013799659887],[1344.9511108398438,42.086096892499938]]},{"type":"AddLine","points":[[1344.9511108398438,138.36565481648444]]},{"type":"AddCurve","points":[[1344.9511108398438,150.33173790932449],[1344.9511108398438,157.51138776502853],[1342.9528391957817,162.29782100216448]]},{"type":"AddCurve","points":[[1340.44142377209,169.19787816962776],[1335.0059836383778,174.63331830333993],[1328.1059264709145,177.14473372703173]]},{"type":"AddCurve","points":[[1323.3194932337785,179.14300537109375],[1316.1398433780746,179.14300537109375],[1304.1737602852345,179.14300537109375]]},{"type":"AddLine","points":[[42.157416472578063,179.14300537109375]]},{"type":"AddCurve","points":[[30.191333379738012,179.14300537109375],[23.01168352403397,179.14300537109375],[18.22525028689796,177.14473372703173]]},{"type":"AddCurve","points":[[11.325193119434743,174.63331830333993],[5.8897529857225663,169.19787816962776],[3.3783375620307652,162.29782100216448]]},{"type":"AddCurve","points":[[1.38006591796875,157.51138776502853],[1.38006591796875,150.33173790932449],[1.38006591796875,138.36565481648444]]},{"type":"AddLine","points":[[1.38006591796875,42.086096892499938]]},{"type":"AddCurve","points":[[1.38006591796875,30.120013799659887],[1.38006591796875,22.940363943955845],[3.3783375620307652,18.153930706819835]]},{"type":"AddCurve","points":[[5.8897529857225663,11.253873539356562],[11.325193119434743,5.8184334056444413],[18.225250286898017,3.3070179819526402]]},{"type":"AddCurve","points":[[23.011683524034027,1.308746337890625],[30.191333379738012,1.308746337890625],[42.157416472578063,1.308746337890625]]},{"type":"CloseSubpath"},{"type":"MoveToPoint","points":[[42.157416472578063,1.308746337890625]]}],"windingRule":0,"lineJoinStyle":0,"miterLimit":10},"isBackgroundTexture":true,"textBaseline":0,"isVerticalText":false,"textureType":5},"initialState":{"affineTransform":[1,0,0,1,0,0],"masksToBounds":false,"rotation":0,"scale":1,"position":{"pointX":671.61993408203125,"pointY":89.191253662109375},"width":1346,"sublayerTransform":[1,0,0,0,0,1,0,0,0,0,1,0,0,0,0,1],"contentsRect":{"y":0,"x":0,"width":1,"height":1},"opacity":1,"edgeAntialiasingMask":0,"height":181,"hidden":false,"anchorPoint":{"pointX":0.5,"pointY":0.5}},"texture":"F332A4D13F4105F18DA7382F878EF2B2"}]}]},{"animations":[],"initialState":{"affineTransform":[1,0,0,1,0,0],"masksToBounds":false,"rotation":0,"scale":1,"position":{"pointX":960,"pointY":540},"width":1920,"sublayerTransform":[1,0,0,0,0,1,0,0,0,0,1,0,0,0,0,1],"contentsRect":{"y":0,"x":0,"width":1,"height":1},"opacity":1,"edgeAntialiasingMask":251658240,"height":1080,"hidden":false,"anchorPoint":{"pointX":0.5,"pointY":0.5}},"layers":[{"animations":[],"initialState":{"affineTransform":[1,0,0,1,0,0],"masksToBounds":false,"rotation":0,"scale":1,"position":{"pointX":756.26277160644531,"pointY":709.730712890625},"width":1135,"sublayerTransform":[1,0,0,0,0,1,0,0,0,0,1,0,0,0,0,1],"contentsRect":{"y":0,"x":0,"width":1,"height":1},"opacity":1,"edgeAntialiasingMask":251658240,"height":291,"hidden":false,"anchorPoint":{"pointX":0.5,"pointY":0.5}},"objectID":"3B25DF87-20BE-4402-90BF-93CDEBDB1088","layers":[{"animations":[],"layers":[],"texturedRectangle":{"isBackgroundTexture":true,"singleTextureOpacity":1,"textureType":5,"textBaseline":0,"textXHeight":0,"isVerticalText":false},"initialState":{"affineTransform":[1,0,0,1,0,0],"masksToBounds":false,"rotation":0,"scale":1,"position":{"pointX":556.73722839355469,"pointY":144.269287109375},"width":1135,"sublayerTransform":[1,0,0,0,0,1,0,0,0,0,1,0,0,0,0,1],"contentsRect":{"y":0,"x":0,"width":1,"height":1},"opacity":1,"edgeAntialiasingMask":0,"height":291,"hidden":false,"anchorPoint":{"pointX":0.5,"pointY":0.5}},"texture":"1C885909C64617A98EB5A642EFE8A59C"}]}]},{"animations":[],"initialState":{"affineTransform":[1,0,0,1,0,0],"masksToBounds":false,"rotation":0,"scale":1,"position":{"pointX":960,"pointY":540},"width":1920,"sublayerTransform":[1,0,0,0,0,1,0,0,0,0,1,0,0,0,0,1],"contentsRect":{"y":0,"x":0,"width":1,"height":1},"opacity":1,"edgeAntialiasingMask":251658240,"height":1080,"hidden":false,"anchorPoint":{"pointX":0.5,"pointY":0.5}},"layers":[{"animations":[],"initialState":{"affineTransform":[1,0,0,1,0,0],"masksToBounds":false,"rotation":0,"scale":1,"position":{"pointX":923.65090942382812,"pointY":109.49521636962891},"width":1703,"sublayerTransform":[1,0,0,0,0,1,0,0,0,0,1,0,0,0,0,1],"contentsRect":{"y":0,"x":0,"width":1,"height":1},"opacity":1,"edgeAntialiasingMask":251658240,"height":69,"hidden":false,"anchorPoint":{"pointX":0.5,"pointY":0.5}},"layers":[{"animations":[],"layers":[],"texturedRectangle":{"singleTextureOpacity":1,"textXHeight":0.51890709918478262,"textBaseline":0.74240547954172331,"isBackgroundTexture":true,"isVerticalText":false,"textColor":[0,0.30196079611778259,0.50196081399917603,1],"textureType":6},"initialState":{"affineTransform":[1,0,0,1,0,0],"masksToBounds":false,"rotation":0,"scale":1,"position":{"pointX":860.34909057617188,"pointY":53.504783630371094},"width":1703,"sublayerTransform":[1,0,0,0,0,1,0,0,0,0,1,0,0,0,0,1],"contentsRect":{"y":0,"x":0,"width":1,"height":1},"opacity":1,"edgeAntialiasingMask":0,"height":69,"hidden":false,"anchorPoint":{"pointX":0.5,"pointY":0.5}},"texture":"7E875F4A1A4FD83A41444FFF85CCB5A0"}]}]}]}},{"effects":[{"beginTime":0,"baseLayer":{"animations":[],"initialState":{"affineTransform":[1,0,0,1,0,0],"masksToBounds":false,"rotation":0,"scale":1,"position":{"pointX":960,"pointY":540},"width":1920,"sublayerTransform":[1,0,0,0,0,1,0,0,0,0,1,0,0,0,0,1],"contentsRect":{"y":0,"x":0,"width":1,"height":1},"opacity":1,"edgeAntialiasingMask":251658240,"height":1080,"hidden":false,"anchorPoint":{"pointX":0.5,"pointY":0.5}},"objectID":"0","layers":[{"animations":[],"initialState":{"affineTransform":[1,0,0,1,0,0],"masksToBounds":false,"rotation":0,"scale":1,"position":{"pointX":960,"pointY":540},"width":1920,"sublayerTransform":[1,0,0,0,0,1,0,0,0,0,1,-0.00035007912466775983,0,0,0,1],"contentsRect":{"y":0,"x":0,"width":1,"height":1},"opacity":1,"edgeAntialiasingMask":251658240,"height":1080,"hidden":false,"anchorPoint":{"pointX":0.5,"pointY":0.5}},"layers":[{"animations":[],"layers":[],"texturedRectangle":{"isBackgroundTexture":false,"singleTextureOpacity":1,"textureType":0,"textBaseline":0,"textXHeight":0,"isVerticalText":false},"initialState":{"affineTransform":[1,0,0,1,0,0],"masksToBounds":false,"rotation":0,"scale":1,"position":{"pointX":960,"pointY":540},"width":1920,"sublayerTransform":[1,0,0,0,0,1,0,0,0,0,1,0,0,0,0,1],"contentsRect":{"y":0,"x":0,"width":1,"height":1},"opacity":1,"edgeAntialiasingMask":0,"height":1080,"hidden":false,"anchorPoint":{"pointX":0.5,"pointY":0.5}},"texture":"89367F0685348D7503E2DC26640C02EC"},{"animations":[{"additive":false,"timeOffset":0,"beginTime":0,"from":{"scalar":false},"repeatCount":0,"fillMode":"both","duration":0.01,"autoreverses":false,"property":"hidden","to":{"scalar":true},"removedOnCompletion":false}],"layers":[],"texturedRectangle":{"isBackgroundTexture":false,"singleTextureOpacity":1,"textureType":0,"textBaseline":0,"textXHeight":0,"isVerticalText":false},"initialState":{"affineTransform":[1,0,0,1,0,0],"masksToBounds":false,"rotation":0,"scale":1,"position":{"pointX":960,"pointY":540},"width":1920,"sublayerTransform":[1,0,0,0,0,1,0,0,0,0,1,0,0,0,0,1],"contentsRect":{"y":0,"x":0,"width":1,"height":1},"opacity":1,"edgeAntialiasingMask":0,"height":1080,"hidden":false,"anchorPoint":{"pointX":0.5,"pointY":0.5}},"texture":"1F56893B1B3CF85BC611C5D0E1F9637C"}]}]},"effects":[],"duration":0.01,"type":"transition","attributes":{"direction":0},"name":"none","objectID":"0"}],"automaticPlay":false,"hyperlinks":[],"accessibility":[{"text":"Read-Only Array in ZK [Franzese, 21]","targetRectangle":{"y":783.30281972885132,"x":192.36277151107788,"width":941.92897949218786,"height":56}},{"text":"Proving Unsatisfiability in Zero Knowledge Proof","targetRectangle":{"y":78.995216369628906,"x":76.150909423828125,"width":1702.4758257508317,"height":83}},{"text":"ZKUNSAT","targetRectangle":{"y":429.30874633789062,"x":852.77264404296875,"width":176.77734375,"height":46}},{"text":"Check the validity of premise clauses","targetRectangle":{"y":630.230712890625,"x":307.15316772460938,"width":598.06640625,"height":46}},{"text":"Check applications of resolution rule","targetRectangle":{"y":630.168212890625,"x":984.5106201171875,"width":597.40234375,"height":46}}],"baseLayer":{"animations":[],"initialState":{"affineTransform":[1,0,0,1,0,0],"masksToBounds":false,"rotation":0,"scale":1,"position":{"pointX":960,"pointY":540},"width":1920,"sublayerTransform":[1,0,0,0,0,1,0,0,0,0,1,0,0,0,0,1],"contentsRect":{"y":0,"x":0,"width":1,"height":1},"opacity":1,"edgeAntialiasingMask":251658240,"height":1080,"hidden":false,"anchorPoint":{"pointX":0.5,"pointY":0.5}},"objectID":"0","layers":[{"animations":[],"initialState":{"affineTransform":[1,0,0,1,0,0],"masksToBounds":false,"rotation":0,"scale":1,"position":{"pointX":960,"pointY":540},"width":1920,"sublayerTransform":[1,0,0,0,0,1,0,0,0,0,1,-0.00035007912466775983,0,0,0,1],"contentsRect":{"y":0,"x":0,"width":1,"height":1},"opacity":1,"edgeAntialiasingMask":251658240,"height":1080,"hidden":false,"anchorPoint":{"pointX":0.5,"pointY":0.5}},"layers":[{"animations":[],"layers":[],"texturedRectangle":{"isBackgroundTexture":false,"singleTextureOpacity":1,"textureType":0,"textBaseline":0,"textXHeight":0,"isVerticalText":false},"initialState":{"affineTransform":[1,0,0,1,0,0],"masksToBounds":false,"rotation":0,"scale":1,"position":{"pointX":960,"pointY":540},"width":1920,"sublayerTransform":[1,0,0,0,0,1,0,0,0,0,1,0,0,0,0,1],"contentsRect":{"y":0,"x":0,"width":1,"height":1},"opacity":1,"edgeAntialiasingMask":0,"height":1080,"hidden":false,"anchorPoint":{"pointX":0.5,"pointY":0.5}},"texture":"1F56893B1B3CF85BC611C5D0E1F9637C"}]}]}}]}