{"assets":{"62106976B1E4BC7FC48772A655CB5551":{"type":"texture","index":1,"assetRequest":{"type":"slide","state":"contents","slide":"none"},"url":{"native":"assets\/13621B40-0497-457F-8709-7D66CAB13D2B.pdf"},"width":1920,"height":1080},"E84FDAAF46BFCB88D68E13D3CB248ADC":{"type":"texture","index":0,"assetRequest":{"type":"slide","state":"contents","slide":"none"},"url":{"native":"assets\/13621B40-0497-457F-8709-7D66CAB13D2B.pdf"},"width":1920,"height":1080}},"events":[{"effects":[{"beginTime":0,"baseLayer":{"animations":[],"initialState":{"affineTransform":[1,0,0,1,0,0],"masksToBounds":false,"rotation":0,"scale":1,"position":{"pointX":960,"pointY":540},"width":1920,"sublayerTransform":[1,0,0,0,0,1,0,0,0,0,1,0,0,0,0,1],"contentsRect":{"y":0,"x":0,"width":1,"height":1},"opacity":1,"edgeAntialiasingMask":251658240,"height":1080,"hidden":false,"anchorPoint":{"pointX":0.5,"pointY":0.5}},"objectID":"0","layers":[{"animations":[],"initialState":{"affineTransform":[1,0,0,1,0,0],"masksToBounds":false,"rotation":0,"scale":1,"position":{"pointX":960,"pointY":540},"width":1920,"sublayerTransform":[1,0,0,0,0,1,0,0,0,0,1,-0.00035007912466775983,0,0,0,1],"contentsRect":{"y":0,"x":0,"width":1,"height":1},"opacity":1,"edgeAntialiasingMask":251658240,"height":1080,"hidden":false,"anchorPoint":{"pointX":0.5,"pointY":0.5}},"layers":[{"animations":[],"layers":[],"texturedRectangle":{"isBackgroundTexture":false,"singleTextureOpacity":1,"textureType":0,"textBaseline":0,"textXHeight":0,"isVerticalText":false},"initialState":{"affineTransform":[1,0,0,1,0,0],"masksToBounds":false,"rotation":0,"scale":1,"position":{"pointX":960,"pointY":540},"width":1920,"sublayerTransform":[1,0,0,0,0,1,0,0,0,0,1,0,0,0,0,1],"contentsRect":{"y":0,"x":0,"width":1,"height":1},"opacity":1,"edgeAntialiasingMask":0,"height":1080,"hidden":false,"anchorPoint":{"pointX":0.5,"pointY":0.5}},"texture":"62106976B1E4BC7FC48772A655CB5551"},{"animations":[{"additive":false,"timeOffset":0,"beginTime":0,"from":{"scalar":false},"repeatCount":0,"fillMode":"both","duration":0.01,"autoreverses":false,"property":"hidden","to":{"scalar":true},"removedOnCompletion":false}],"layers":[],"texturedRectangle":{"isBackgroundTexture":false,"singleTextureOpacity":1,"textureType":0,"textBaseline":0,"textXHeight":0,"isVerticalText":false},"initialState":{"affineTransform":[1,0,0,1,0,0],"masksToBounds":false,"rotation":0,"scale":1,"position":{"pointX":960,"pointY":540},"width":1920,"sublayerTransform":[1,0,0,0,0,1,0,0,0,0,1,0,0,0,0,1],"contentsRect":{"y":0,"x":0,"width":1,"height":1},"opacity":1,"edgeAntialiasingMask":0,"height":1080,"hidden":false,"anchorPoint":{"pointX":0.5,"pointY":0.5}},"texture":"E84FDAAF46BFCB88D68E13D3CB248ADC"}]}]},"effects":[],"duration":0.01,"type":"transition","attributes":{"direction":0},"name":"none","objectID":"0"}],"automaticPlay":false,"hyperlinks":[],"accessibility":[{"text":"Intel(R) QuickAssist crypto poll mode driver","targetRectangle":{"y":287.73944967014222,"x":1237.7977081528995,"width":606.7578125,"height":96.1953125}},{"text":"Unwind is a parameter for translating the verification tasks to Boolean formulae","targetRectangle":{"y":819.69768916104181,"x":88.447402043715527,"width":1397.7773437499993,"height":50}},{"text":"Width ￼  and Length ￼K","targetRectangle":{"y":864.69768796894891,"x":88.447402043715527,"width":606.88193998247687,"height":95.328714193027736}},{"text":"ZKUNSAT can verify UNSAT of formulae from system drivers verification tasks within 5min","targetRectangle":{"y":954.81352940326883,"x":88.447402043715527,"width":1815.75,"height":93.389842784404891}},{"text":"unwinding.pdf","targetRectangle":{"y":601.37847633337242,"x":1085.7731725948372,"width":512.51488434750354,"height":80.000001824346327}},{"text":"Simple USB Network Links driver","targetRectangle":{"y":412.96737960183236,"x":1235.6257626805368,"width":633.515625,"height":48}},{"text":"unwinding.pdf","targetRectangle":{"y":301.47495384191728,"x":1092.5158788936653,"width":450.78415420193051,"height":80.000001824346327}},{"text":"unwinding.pdf","targetRectangle":{"y":401.37850303625322,"x":1117.3711035030403,"width":559.125,"height":80.000001824346327}},{"text":"Window NT CD audio disk driver","targetRectangle":{"y":605.03262431750977,"x":1237.7977081127292,"width":617.4609375,"height":48}},{"text":"Evaluation","targetRectangle":{"y":60.046398162841797,"x":99,"width":439.08642616122961,"height":98}},{"text":"equation.pdf","targetRectangle":{"y":907.89768700335367,"x":212.94271454371554,"width":124.39653000876169,"height":52.128715158622981}},{"text":"unwinding.pdf","targetRectangle":{"y":501.37848777746416,"x":1095.3711950557747,"width":459.50306424529117,"height":80.000001824346384}},{"text":"equation.pdf","targetRectangle":{"y":907.89768700335367,"x":565.29940080247752,"width":101.70103497371497,"height":52.128715158622981}},{"text":"Window NT floppy disk driver","targetRectangle":{"y":509.00000184046201,"x":1237.7977081229783,"width":561.89453125,"height":48}},{"text":"unwinding.pdf","targetRectangle":{"y":259.43856782888628,"x":215.34012816124346,"width":2031.5947668355072,"height":568.34375}},{"text":"Verification tasks for system drivers","targetRectangle":{"y":180.29769277572632,"x":98.599999904632568,"width":1004.52880859375,"height":64}}],"baseLayer":{"animations":[],"initialState":{"affineTransform":[1,0,0,1,0,0],"masksToBounds":false,"rotation":0,"scale":1,"position":{"pointX":960,"pointY":540},"width":1920,"sublayerTransform":[1,0,0,0,0,1,0,0,0,0,1,0,0,0,0,1],"contentsRect":{"y":0,"x":0,"width":1,"height":1},"opacity":1,"edgeAntialiasingMask":251658240,"height":1080,"hidden":false,"anchorPoint":{"pointX":0.5,"pointY":0.5}},"objectID":"0","layers":[{"animations":[],"initialState":{"affineTransform":[1,0,0,1,0,0],"masksToBounds":false,"rotation":0,"scale":1,"position":{"pointX":960,"pointY":540},"width":1920,"sublayerTransform":[1,0,0,0,0,1,0,0,0,0,1,-0.00035007912466775983,0,0,0,1],"contentsRect":{"y":0,"x":0,"width":1,"height":1},"opacity":1,"edgeAntialiasingMask":251658240,"height":1080,"hidden":false,"anchorPoint":{"pointX":0.5,"pointY":0.5}},"layers":[{"animations":[],"layers":[],"texturedRectangle":{"isBackgroundTexture":false,"singleTextureOpacity":1,"textureType":0,"textBaseline":0,"textXHeight":0,"isVerticalText":false},"initialState":{"affineTransform":[1,0,0,1,0,0],"masksToBounds":false,"rotation":0,"scale":1,"position":{"pointX":960,"pointY":540},"width":1920,"sublayerTransform":[1,0,0,0,0,1,0,0,0,0,1,0,0,0,0,1],"contentsRect":{"y":0,"x":0,"width":1,"height":1},"opacity":1,"edgeAntialiasingMask":0,"height":1080,"hidden":false,"anchorPoint":{"pointX":0.5,"pointY":0.5}},"texture":"E84FDAAF46BFCB88D68E13D3CB248ADC"}]}]}}]}