{"assets":{"ABA2B4F6A8E60DC202754A1F70512ADE":{"type":"texture","index":0,"assetRequest":{"type":"slide","state":"contents","slide":"none"},"url":{"native":"assets\/471AE63A-C233-44D4-867B-EB6DCE948349.pdf"},"width":1920,"height":1080},"E84FDAAF46BFCB88D68E13D3CB248ADC":{"type":"texture","index":1,"assetRequest":{"type":"slide","state":"contents","slide":"none"},"url":{"native":"assets\/471AE63A-C233-44D4-867B-EB6DCE948349.pdf"},"width":1920,"height":1080}},"events":[{"effects":[{"beginTime":0,"baseLayer":{"animations":[],"initialState":{"affineTransform":[1,0,0,1,0,0],"masksToBounds":false,"rotation":0,"scale":1,"position":{"pointX":960,"pointY":540},"width":1920,"sublayerTransform":[1,0,0,0,0,1,0,0,0,0,1,0,0,0,0,1],"contentsRect":{"y":0,"x":0,"width":1,"height":1},"opacity":1,"edgeAntialiasingMask":251658240,"height":1080,"hidden":false,"anchorPoint":{"pointX":0.5,"pointY":0.5}},"objectID":"0","layers":[{"animations":[],"initialState":{"affineTransform":[1,0,0,1,0,0],"masksToBounds":false,"rotation":0,"scale":1,"position":{"pointX":960,"pointY":540},"width":1920,"sublayerTransform":[1,0,0,0,0,1,0,0,0,0,1,-0.00035007912466775983,0,0,0,1],"contentsRect":{"y":0,"x":0,"width":1,"height":1},"opacity":1,"edgeAntialiasingMask":251658240,"height":1080,"hidden":false,"anchorPoint":{"pointX":0.5,"pointY":0.5}},"layers":[{"animations":[],"layers":[],"texturedRectangle":{"isBackgroundTexture":false,"singleTextureOpacity":1,"textureType":0,"textBaseline":0,"textXHeight":0,"isVerticalText":false},"initialState":{"affineTransform":[1,0,0,1,0,0],"masksToBounds":false,"rotation":0,"scale":1,"position":{"pointX":960,"pointY":540},"width":1920,"sublayerTransform":[1,0,0,0,0,1,0,0,0,0,1,0,0,0,0,1],"contentsRect":{"y":0,"x":0,"width":1,"height":1},"opacity":1,"edgeAntialiasingMask":0,"height":1080,"hidden":false,"anchorPoint":{"pointX":0.5,"pointY":0.5}},"texture":"E84FDAAF46BFCB88D68E13D3CB248ADC"},{"animations":[{"additive":false,"timeOffset":0,"beginTime":0,"from":{"scalar":false},"repeatCount":0,"fillMode":"both","duration":0.01,"autoreverses":false,"property":"hidden","to":{"scalar":true},"removedOnCompletion":false}],"layers":[],"texturedRectangle":{"isBackgroundTexture":false,"singleTextureOpacity":1,"textureType":0,"textBaseline":0,"textXHeight":0,"isVerticalText":false},"initialState":{"affineTransform":[1,0,0,1,0,0],"masksToBounds":false,"rotation":0,"scale":1,"position":{"pointX":960,"pointY":540},"width":1920,"sublayerTransform":[1,0,0,0,0,1,0,0,0,0,1,0,0,0,0,1],"contentsRect":{"y":0,"x":0,"width":1,"height":1},"opacity":1,"edgeAntialiasingMask":0,"height":1080,"hidden":false,"anchorPoint":{"pointX":0.5,"pointY":0.5}},"texture":"ABA2B4F6A8E60DC202754A1F70512ADE"}]}]},"effects":[],"duration":0.01,"type":"transition","attributes":{"direction":0},"name":"none","objectID":"0"}],"automaticPlay":false,"hyperlinks":[],"accessibility":[{"text":"equation.pdf","targetRectangle":{"y":250.43895957805663,"x":165.59958957741458,"width":534.86287360833444,"height":500.86435820677571}},{"text":"Length: the number of applications of resolution rule. ","targetRectangle":{"y":513.47971360381871,"x":790.2419325767687,"width":1011.796875,"height":53}},{"text":"Length = 3 in this example","targetRectangle":{"y":561.17971234020024,"x":1048.3876845298937,"width":483.0029296875,"height":96}},{"text":"equation.pdf","targetRectangle":{"y":933.40135405706951,"x":1679.3841012805742,"width":94.56456264602798,"height":54.300744956898939}},{"text":"equation.pdf","targetRectangle":{"y":933.170483542797,"x":657.94698004079601,"width":23.641140661507052,"height":54.739398934016776}},{"text":"equation.pdf","targetRectangle":{"y":933.40135405706951,"x":1366.6076519523031,"width":70.923421984521156,"height":54.300744956898939}},{"text":"Width:  the maximum number of literals a clause in the proof can have.  ","targetRectangle":{"y":278.36229351682107,"x":777.33541629763931,"width":1043.19580078125,"height":98.699998736381531}},{"text":"Width =  2 in this example","targetRectangle":{"y":371.96229103726785,"x":1029.3354162976393,"width":489.88037109375,"height":96}},{"text":"Time and memory requirements depend on the length and clausal width of the proof","targetRectangle":{"y":840.47048480641547,"x":125.21992925954601,"width":1732.8515625,"height":53}},{"text":"ZKUNSAT takes less than ￼ min to verify proofs of large width (￼) and length (￼)","targetRectangle":{"y":888.170483542797,"x":125.21992925954601,"width":1663.2746331045562,"height":99.739398934016663}},{"text":"Evaluation","targetRectangle":{"y":79,"x":99,"width":439.08642616122961,"height":98}},{"text":"￼","targetRectangle":{"y":250.43895957805663,"x":165.59958957741458,"width":534.86287360833444,"height":500.86435820677571}}],"baseLayer":{"animations":[],"initialState":{"affineTransform":[1,0,0,1,0,0],"masksToBounds":false,"rotation":0,"scale":1,"position":{"pointX":960,"pointY":540},"width":1920,"sublayerTransform":[1,0,0,0,0,1,0,0,0,0,1,0,0,0,0,1],"contentsRect":{"y":0,"x":0,"width":1,"height":1},"opacity":1,"edgeAntialiasingMask":251658240,"height":1080,"hidden":false,"anchorPoint":{"pointX":0.5,"pointY":0.5}},"objectID":"0","layers":[{"animations":[],"initialState":{"affineTransform":[1,0,0,1,0,0],"masksToBounds":false,"rotation":0,"scale":1,"position":{"pointX":960,"pointY":540},"width":1920,"sublayerTransform":[1,0,0,0,0,1,0,0,0,0,1,-0.00035007912466775983,0,0,0,1],"contentsRect":{"y":0,"x":0,"width":1,"height":1},"opacity":1,"edgeAntialiasingMask":251658240,"height":1080,"hidden":false,"anchorPoint":{"pointX":0.5,"pointY":0.5}},"layers":[{"animations":[],"layers":[],"texturedRectangle":{"isBackgroundTexture":false,"singleTextureOpacity":1,"textureType":0,"textBaseline":0,"textXHeight":0,"isVerticalText":false},"initialState":{"affineTransform":[1,0,0,1,0,0],"masksToBounds":false,"rotation":0,"scale":1,"position":{"pointX":960,"pointY":540},"width":1920,"sublayerTransform":[1,0,0,0,0,1,0,0,0,0,1,0,0,0,0,1],"contentsRect":{"y":0,"x":0,"width":1,"height":1},"opacity":1,"edgeAntialiasingMask":0,"height":1080,"hidden":false,"anchorPoint":{"pointX":0.5,"pointY":0.5}},"texture":"ABA2B4F6A8E60DC202754A1F70512ADE"}]}]}}]}