{"assets":{"0F60863D3285FF4516EF650E6A043078":{"type":"texture","index":4,"assetRequest":{"type":"slide","state":"contents","slide":"none"},"url":{"native":"assets\/054F30A9-1CFA-4003-B836-FF269AE83E92.pdf"},"width":1154,"height":229},"C42295E5592113CDCCB9E7EB12B35CF3":{"type":"texture","index":2,"assetRequest":{"type":"slide","state":"contents","slide":"none"},"url":{"native":"assets\/054F30A9-1CFA-4003-B836-FF269AE83E92.pdf"},"width":1110,"height":243},"EE7C5CA0C323516C84A33B0C5274BD69":{"type":"texture","index":6,"assetRequest":{"type":"slide","state":"contents","slide":"none"},"url":{"native":"assets\/054F30A9-1CFA-4003-B836-FF269AE83E92.pdf"},"width":1920,"height":1080},"411C7E6B0BC82129DE5213282E546BE9":{"type":"texture","index":5,"assetRequest":{"type":"slide","state":"contents","slide":"none"},"url":{"native":"assets\/054F30A9-1CFA-4003-B836-FF269AE83E92.pdf"},"width":157,"height":157},"C25C25FF361FB24FC35F6B120D2F252D":{"type":"texture","index":0,"assetRequest":{"type":"slide","state":"contents","slide":"none"},"url":{"native":"assets\/054F30A9-1CFA-4003-B836-FF269AE83E92.pdf"},"width":1920,"height":1080},"F7CFB93C04B210737A1132A18243022B":{"type":"texture","index":3,"assetRequest":{"type":"slide","state":"contents","slide":"none"},"url":{"native":"assets\/054F30A9-1CFA-4003-B836-FF269AE83E92.pdf"},"width":747,"height":140},"7E875F4A1A4FD83A41444FFF85CCB5A0":{"type":"texture","index":1,"assetRequest":{"type":"slide","state":"contents","slide":"none"},"url":{"native":"assets\/054F30A9-1CFA-4003-B836-FF269AE83E92.pdf"},"width":1703,"height":69},"741C91A29623C1A8CCE3DEFCE336D369":{"type":"texture","index":7,"assetRequest":{"type":"slide","state":"contents","slide":"none"},"url":{"native":"assets\/054F30A9-1CFA-4003-B836-FF269AE83E92.pdf"},"width":1920,"height":1080}},"events":[{"effects":[{"beginTime":0,"baseLayer":{"animations":[],"initialState":{"affineTransform":[1,0,0,1,0,0],"masksToBounds":false,"rotation":0,"scale":1,"position":{"pointX":627.59648895263672,"pointY":461.79714584350586},"width":1110,"sublayerTransform":[1,0,0,0,0,1,0,0,0,0,1,0,0,0,0,1],"contentsRect":{"y":0,"x":0,"width":1,"height":1},"opacity":1,"edgeAntialiasingMask":251658240,"height":419,"hidden":false,"anchorPoint":{"pointX":0.5,"pointY":0.5}},"objectID":"1B55203B-2C78-46B7-AA0A-C828790AC755","layers":[{"animations":[],"initialState":{"affineTransform":[1,0,0,1,0,0],"masksToBounds":false,"rotation":0,"scale":1,"position":{"pointX":887.40351104736328,"pointY":287.70285415649414},"width":1110,"sublayerTransform":[1,0,0,0,0,1,0,0,0,0,1,-0.00035007912466775983,0,0,0,1],"contentsRect":{"y":0,"x":0,"width":1,"height":1},"opacity":1,"edgeAntialiasingMask":251658240,"height":419,"hidden":false,"anchorPoint":{"pointX":0.79946262256519218,"pointY":0.68664165669807675}},"layers":[{"animations":[{"additive":false,"timeOffset":0,"beginTime":1e-100,"repeatCount":0,"fillMode":"both","duration":0.01,"autoreverses":false,"animations":[{"additive":false,"timeOffset":0,"beginTime":0,"from":{"scalar":true},"repeatCount":0,"fillMode":"both","duration":0.0001,"autoreverses":false,"property":"hidden","to":{"scalar":false},"removedOnCompletion":true},{"additive":false,"timeOffset":0,"beginTime":0.0001,"from":{"scalar":false},"repeatCount":0,"fillMode":"forwards","duration":0.0099000000000000008,"autoreverses":false,"property":"hidden","to":{"scalar":false},"removedOnCompletion":true}],"removedOnCompletion":false}],"layers":[],"texturedRectangle":{"singleTextureOpacity":1,"textXHeight":0.092532310956790126,"textBaseline":0.93908669355213548,"isBackgroundTexture":false,"isVerticalText":false,"textColor":[0,0,0,1],"textureType":6},"initialState":{"affineTransform":[1,0,0,1,0,0],"masksToBounds":false,"rotation":0,"scale":1,"position":{"pointX":561.40351104736328,"pointY":124.20285415649414},"width":1110,"sublayerTransform":[1,0,0,0,0,1,0,0,0,0,1,0,0,0,0,1],"contentsRect":{"y":0,"x":0,"width":1,"height":1},"opacity":1,"edgeAntialiasingMask":0,"height":243,"hidden":true,"anchorPoint":{"pointX":0.5,"pointY":0.5}},"texture":"C42295E5592113CDCCB9E7EB12B35CF3"}]},{"animations":[],"layers":[],"texturedRectangle":{"singleTextureOpacity":1,"textXHeight":0.16060965401785715,"textBaseline":0.89668131625859193,"isBackgroundTexture":false,"isVerticalText":false,"textColor":[0,0,0,1],"textureType":6},"initialState":{"affineTransform":[1,0,0,1,0,0],"masksToBounds":false,"rotation":0,"scale":1,"position":{"pointX":379.90351104736328,"pointY":351.70285415649414},"width":747,"sublayerTransform":[1,0,0,0,0,1,0,0,0,0,1,0,0,0,0,1],"contentsRect":{"y":0,"x":0,"width":1,"height":1},"opacity":1,"edgeAntialiasingMask":0,"height":140,"hidden":true,"anchorPoint":{"pointX":0.5,"pointY":0.5}},"texture":"F7CFB93C04B210737A1132A18243022B"}]},"effects":[],"duration":0.01,"type":"buildIn","attributes":{"direction":0},"name":"apple:bc-appear","objectID":"1B55203B-2C78-46B7-AA0A-C828790AC755"}],"automaticPlay":false,"hyperlinks":[],"accessibility":[{"text":"equation.pdf","targetRectangle":{"y":256.29714584350586,"x":1135.0285754604874,"width":32.939989321699841,"height":60.334161063221018}},{"text":"equation.pdf","targetRectangle":{"y":901.68431309673269,"x":1031.7769708633423,"width":68.56294492917641,"height":60.334161063221018}},{"text":"equation.pdf","targetRectangle":{"y":434.9717813295739,"x":691.98223209381104,"width":68.56294492917641,"height":60.334161063221018}},{"text":"equation.pdf","targetRectangle":{"y":812.34699535369873,"x":1089.1988458633423,"width":32.939989321699841,"height":60.334161063221018}},{"text":"Proving Unsatisfiability in Zero Knowledge Proof","targetRectangle":{"y":78.995216369628906,"x":76.150909423828125,"width":1702.4758257508317,"height":83}},{"text":"equation.pdf","targetRectangle":{"y":345.63446358653982,"x":732.70488834381104,"width":32.939989321699727,"height":60.334161063221018}},{"text":"equation.pdf","targetRectangle":{"y":611.30909907260786,"x":790.83477115631104,"width":32.939989321699727,"height":60.334161063221018}},{"text":"equation.pdf","targetRectangle":{"y":256.29714584350586,"x":775.40117740631104,"width":68.56294492917641,"height":60.334161063221018}},{"text":"equation.pdf","targetRectangle":{"y":901.68431309673269,"x":1213.8408923550187,"width":32.939989321699841,"height":60.334161063221018}},{"text":"equation.pdf","targetRectangle":{"y":434.9717813295739,"x":874.04615358548745,"width":32.939989321699727,"height":60.334161063221018}}],"baseLayer":{"animations":[],"initialState":{"affineTransform":[1,0,0,1,0,0],"masksToBounds":false,"rotation":0,"scale":1,"position":{"pointX":960,"pointY":540},"width":1920,"sublayerTransform":[1,0,0,0,0,1,0,0,0,0,1,0,0,0,0,1],"contentsRect":{"y":0,"x":0,"width":1,"height":1},"opacity":1,"edgeAntialiasingMask":251658240,"height":1080,"hidden":false,"anchorPoint":{"pointX":0.5,"pointY":0.5}},"layers":[{"animations":[],"initialState":{"affineTransform":[1,0,0,1,0,0],"masksToBounds":false,"rotation":0,"scale":1,"position":{"pointX":960,"pointY":540},"width":1920,"sublayerTransform":[1,0,0,0,0,1,0,0,0,0,1,0,0,0,0,1],"contentsRect":{"y":0,"x":0,"width":1,"height":1},"opacity":1,"edgeAntialiasingMask":251658240,"height":1080,"hidden":false,"anchorPoint":{"pointX":0.5,"pointY":0.5}},"layers":[{"animations":[],"initialState":{"affineTransform":[1,0,0,1,0,0],"masksToBounds":false,"rotation":0,"scale":1,"position":{"pointX":960,"pointY":540},"width":1920,"sublayerTransform":[1,0,0,0,0,1,0,0,0,0,1,0,0,0,0,1],"contentsRect":{"y":0,"x":0,"width":1,"height":1},"opacity":1,"edgeAntialiasingMask":251658240,"height":1080,"hidden":false,"anchorPoint":{"pointX":0.5,"pointY":0.5}},"layers":[{"animations":[],"layers":[],"texturedRectangle":{"isBackgroundTexture":true,"singleTextureOpacity":1,"textureType":1,"textBaseline":0,"textXHeight":0,"isVerticalText":false},"initialState":{"affineTransform":[1,0,0,1,0,0],"masksToBounds":false,"rotation":0,"scale":1,"position":{"pointX":960,"pointY":540},"width":1920,"sublayerTransform":[1,0,0,0,0,1,0,0,0,0,1,0,0,0,0,1],"contentsRect":{"y":0,"x":0,"width":1,"height":1},"opacity":1,"edgeAntialiasingMask":0,"height":1080,"hidden":false,"anchorPoint":{"pointX":0.5,"pointY":0.5}},"texture":"C25C25FF361FB24FC35F6B120D2F252D"}]}]},{"animations":[],"initialState":{"affineTransform":[1,0,0,1,0,0],"masksToBounds":false,"rotation":0,"scale":1,"position":{"pointX":960,"pointY":540},"width":1920,"sublayerTransform":[1,0,0,0,0,1,0,0,0,0,1,0,0,0,0,1],"contentsRect":{"y":0,"x":0,"width":1,"height":1},"opacity":1,"edgeAntialiasingMask":251658240,"height":1080,"hidden":false,"anchorPoint":{"pointX":0.5,"pointY":0.5}},"layers":[{"animations":[],"initialState":{"affineTransform":[1,0,0,1,0,0],"masksToBounds":false,"rotation":0,"scale":1,"position":{"pointX":923.65090942382812,"pointY":109.49521636962891},"width":1703,"sublayerTransform":[1,0,0,0,0,1,0,0,0,0,1,0,0,0,0,1],"contentsRect":{"y":0,"x":0,"width":1,"height":1},"opacity":1,"edgeAntialiasingMask":251658240,"height":69,"hidden":false,"anchorPoint":{"pointX":0.5,"pointY":0.5}},"layers":[{"animations":[],"layers":[],"texturedRectangle":{"singleTextureOpacity":1,"textXHeight":0.51890709918478262,"textBaseline":0.74240547954172331,"isBackgroundTexture":true,"isVerticalText":false,"textColor":[0,0.30196079611778259,0.50196081399917603,1],"textureType":6},"initialState":{"affineTransform":[1,0,0,1,0,0],"masksToBounds":false,"rotation":0,"scale":1,"position":{"pointX":860.34909057617188,"pointY":53.504783630371094},"width":1703,"sublayerTransform":[1,0,0,0,0,1,0,0,0,0,1,0,0,0,0,1],"contentsRect":{"y":0,"x":0,"width":1,"height":1},"opacity":1,"edgeAntialiasingMask":0,"height":69,"hidden":false,"anchorPoint":{"pointX":0.5,"pointY":0.5}},"texture":"7E875F4A1A4FD83A41444FFF85CCB5A0"}]}]},{"animations":[],"initialState":{"affineTransform":[1,0,0,1,0,0],"masksToBounds":false,"rotation":0,"scale":1,"position":{"pointX":960,"pointY":540},"width":1920,"sublayerTransform":[1,0,0,0,0,1,0,0,0,0,1,0,0,0,0,1],"contentsRect":{"y":0,"x":0,"width":1,"height":1},"opacity":1,"edgeAntialiasingMask":251658240,"height":1080,"hidden":false,"anchorPoint":{"pointX":0.5,"pointY":0.5}},"layers":[{"animations":[],"initialState":{"affineTransform":[1,0,0,1,0,0],"masksToBounds":false,"rotation":0,"scale":1,"position":{"pointX":627.59648895263672,"pointY":461.79714584350586},"width":1110,"sublayerTransform":[1,0,0,0,0,1,0,0,0,0,1,0,0,0,0,1],"contentsRect":{"y":0,"x":0,"width":1,"height":1},"opacity":1,"edgeAntialiasingMask":251658240,"height":419,"hidden":false,"anchorPoint":{"pointX":0.5,"pointY":0.5}},"objectID":"1B55203B-2C78-46B7-AA0A-C828790AC755","layers":[{"animations":[],"layers":[],"texturedRectangle":{"singleTextureOpacity":1,"textXHeight":0.092532310956790126,"textBaseline":0.93908669355213548,"isBackgroundTexture":false,"isVerticalText":false,"textColor":[0,0,0,1],"textureType":6},"initialState":{"affineTransform":[1,0,0,1,0,0],"masksToBounds":false,"rotation":0,"scale":1,"position":{"pointX":561.40351104736328,"pointY":124.20285415649414},"width":1110,"sublayerTransform":[1,0,0,0,0,1,0,0,0,0,1,0,0,0,0,1],"contentsRect":{"y":0,"x":0,"width":1,"height":1},"opacity":1,"edgeAntialiasingMask":0,"height":243,"hidden":true,"anchorPoint":{"pointX":0.5,"pointY":0.5}},"texture":"C42295E5592113CDCCB9E7EB12B35CF3"},{"animations":[],"layers":[],"texturedRectangle":{"singleTextureOpacity":1,"textXHeight":0.16060965401785715,"textBaseline":0.89668131625859193,"isBackgroundTexture":false,"isVerticalText":false,"textColor":[0,0,0,1],"textureType":6},"initialState":{"affineTransform":[1,0,0,1,0,0],"masksToBounds":false,"rotation":0,"scale":1,"position":{"pointX":379.90351104736328,"pointY":351.70285415649414},"width":747,"sublayerTransform":[1,0,0,0,0,1,0,0,0,0,1,0,0,0,0,1],"contentsRect":{"y":0,"x":0,"width":1,"height":1},"opacity":1,"edgeAntialiasingMask":0,"height":140,"hidden":true,"anchorPoint":{"pointX":0.5,"pointY":0.5}},"texture":"F7CFB93C04B210737A1132A18243022B"}]}]},{"animations":[],"initialState":{"affineTransform":[1,0,0,1,0,0],"masksToBounds":false,"rotation":0,"scale":1,"position":{"pointX":960,"pointY":540},"width":1920,"sublayerTransform":[1,0,0,0,0,1,0,0,0,0,1,0,0,0,0,1],"contentsRect":{"y":0,"x":0,"width":1,"height":1},"opacity":1,"edgeAntialiasingMask":251658240,"height":1080,"hidden":false,"anchorPoint":{"pointX":0.5,"pointY":0.5}},"layers":[{"animations":[],"initialState":{"affineTransform":[1,0,0,1,0,0],"masksToBounds":false,"rotation":0,"scale":1,"position":{"pointX":665.85607147216797,"pointY":835.84699535369873},"width":1154,"sublayerTransform":[1,0,0,0,0,1,0,0,0,0,1,0,0,0,0,1],"contentsRect":{"y":0,"x":0,"width":1,"height":1},"opacity":1,"edgeAntialiasingMask":251658240,"height":229,"hidden":false,"anchorPoint":{"pointX":0.5,"pointY":0.5}},"objectID":"AED1EF20-571A-40F3-9D0A-2163799436F4","layers":[{"animations":[],"layers":[],"texturedRectangle":{"singleTextureOpacity":1,"textXHeight":0.098189308133187769,"textBaseline":0.93847422838571071,"isBackgroundTexture":true,"isVerticalText":false,"textColor":[0,0,0,1],"textureType":6},"initialState":{"affineTransform":[1,0,0,1,0,0],"masksToBounds":false,"rotation":0,"scale":1,"position":{"pointX":582.14392852783203,"pointY":128.15300464630127},"width":1154,"sublayerTransform":[1,0,0,0,0,1,0,0,0,0,1,0,0,0,0,1],"contentsRect":{"y":0,"x":0,"width":1,"height":1},"opacity":1,"edgeAntialiasingMask":0,"height":229,"hidden":true,"anchorPoint":{"pointX":0.5,"pointY":0.5}},"texture":"0F60863D3285FF4516EF650E6A043078"}]}]},{"animations":[],"initialState":{"affineTransform":[1,0,0,1,0,0],"masksToBounds":false,"rotation":0,"scale":1,"position":{"pointX":960,"pointY":540},"width":1920,"sublayerTransform":[1,0,0,0,0,1,0,0,0,0,1,0,0,0,0,1],"contentsRect":{"y":0,"x":0,"width":1,"height":1},"opacity":1,"edgeAntialiasingMask":251658240,"height":1080,"hidden":false,"anchorPoint":{"pointX":0.5,"pointY":0.5}},"layers":[{"animations":[],"initialState":{"affineTransform":[1,0,0,1,0,0],"masksToBounds":false,"rotation":0,"scale":1,"position":{"pointX":1349.8677978515625,"pointY":845.22784423828125},"width":157,"sublayerTransform":[1,0,0,0,0,1,0,0,0,0,1,0,0,0,0,1],"contentsRect":{"y":0,"x":0,"width":1,"height":1},"opacity":1,"edgeAntialiasingMask":251658240,"height":157,"hidden":false,"anchorPoint":{"pointX":0.5,"pointY":0.5}},"objectID":"6ACC4F37-2D30-43C3-8BCB-5440EFCC9B05","layers":[{"animations":[],"layers":[],"texturedRectangle":{"isBackgroundTexture":true,"singleTextureOpacity":1,"textureType":5,"textBaseline":0,"textXHeight":0,"isVerticalText":false},"initialState":{"affineTransform":[1,0,0,1,0,0],"masksToBounds":false,"rotation":0,"scale":1,"position":{"pointX":77.1322021484375,"pointY":76.77215576171875},"width":157,"sublayerTransform":[1,0,0,0,0,1,0,0,0,0,1,0,0,0,0,1],"contentsRect":{"y":0,"x":0,"width":1,"height":1},"opacity":1,"edgeAntialiasingMask":0,"height":157,"hidden":true,"anchorPoint":{"pointX":0.5,"pointY":0.5}},"texture":"411C7E6B0BC82129DE5213282E546BE9"}]}]}]}},{"effects":[{"beginTime":0,"baseLayer":{"animations":[],"initialState":{"affineTransform":[1,0,0,1,0,0],"masksToBounds":false,"rotation":0,"scale":1,"position":{"pointX":627.59648895263672,"pointY":461.79714584350586},"width":1110,"sublayerTransform":[1,0,0,0,0,1,0,0,0,0,1,0,0,0,0,1],"contentsRect":{"y":0,"x":0,"width":1,"height":1},"opacity":1,"edgeAntialiasingMask":251658240,"height":419,"hidden":false,"anchorPoint":{"pointX":0.5,"pointY":0.5}},"objectID":"1B55203B-2C78-46B7-AA0A-C828790AC755","layers":[{"animations":[],"layers":[],"texturedRectangle":{"singleTextureOpacity":1,"textXHeight":0.092532310956790126,"textBaseline":0.93908669355213548,"isBackgroundTexture":false,"isVerticalText":false,"textColor":[0,0,0,1],"textureType":6},"initialState":{"affineTransform":[1,0,0,1,0,0],"masksToBounds":false,"rotation":0,"scale":1,"position":{"pointX":561.40351104736328,"pointY":124.20285415649414},"width":1110,"sublayerTransform":[1,0,0,0,0,1,0,0,0,0,1,0,0,0,0,1],"contentsRect":{"y":0,"x":0,"width":1,"height":1},"opacity":1,"edgeAntialiasingMask":0,"height":243,"hidden":false,"anchorPoint":{"pointX":0.5,"pointY":0.5}},"texture":"C42295E5592113CDCCB9E7EB12B35CF3"},{"animations":[],"initialState":{"affineTransform":[1,0,0,1,0,0],"masksToBounds":false,"rotation":0,"scale":1,"position":{"pointX":887.40351104736328,"pointY":287.70285415649414},"width":1110,"sublayerTransform":[1,0,0,0,0,1,0,0,0,0,1,-0.00035007912466775983,0,0,0,1],"contentsRect":{"y":0,"x":0,"width":1,"height":1},"opacity":1,"edgeAntialiasingMask":251658240,"height":419,"hidden":false,"anchorPoint":{"pointX":0.79946262256519218,"pointY":0.68664165669807675}},"layers":[{"animations":[{"additive":false,"timeOffset":0,"beginTime":1e-100,"repeatCount":0,"fillMode":"both","duration":0.01,"autoreverses":false,"animations":[{"additive":false,"timeOffset":0,"beginTime":0,"from":{"scalar":true},"repeatCount":0,"fillMode":"both","duration":0.0001,"autoreverses":false,"property":"hidden","to":{"scalar":false},"removedOnCompletion":true},{"additive":false,"timeOffset":0,"beginTime":0.0001,"from":{"scalar":false},"repeatCount":0,"fillMode":"forwards","duration":0.0099000000000000008,"autoreverses":false,"property":"hidden","to":{"scalar":false},"removedOnCompletion":true}],"removedOnCompletion":false}],"layers":[],"texturedRectangle":{"singleTextureOpacity":1,"textXHeight":0.16060965401785715,"textBaseline":0.89668131625859193,"isBackgroundTexture":false,"isVerticalText":false,"textColor":[0,0,0,1],"textureType":6},"initialState":{"affineTransform":[1,0,0,1,0,0],"masksToBounds":false,"rotation":0,"scale":1,"position":{"pointX":379.90351104736328,"pointY":351.70285415649414},"width":747,"sublayerTransform":[1,0,0,0,0,1,0,0,0,0,1,0,0,0,0,1],"contentsRect":{"y":0,"x":0,"width":1,"height":1},"opacity":1,"edgeAntialiasingMask":0,"height":140,"hidden":true,"anchorPoint":{"pointX":0.5,"pointY":0.5}},"texture":"F7CFB93C04B210737A1132A18243022B"}]}]},"effects":[],"duration":0.01,"type":"buildIn","attributes":{"direction":0},"name":"apple:bc-appear","objectID":"1B55203B-2C78-46B7-AA0A-C828790AC755"}],"automaticPlay":false,"hyperlinks":[],"accessibility":[{"text":"equation.pdf","targetRectangle":{"y":256.29714584350586,"x":1135.0285754604874,"width":32.939989321699841,"height":60.334161063221018}},{"text":"equation.pdf","targetRectangle":{"y":901.68431309673269,"x":1031.7769708633423,"width":68.56294492917641,"height":60.334161063221018}},{"text":"equation.pdf","targetRectangle":{"y":434.9717813295739,"x":691.98223209381104,"width":68.56294492917641,"height":60.334161063221018}},{"text":"equation.pdf","targetRectangle":{"y":812.34699535369873,"x":1089.1988458633423,"width":32.939989321699841,"height":60.334161063221018}},{"text":"Proving Unsatisfiability in Zero Knowledge Proof","targetRectangle":{"y":78.995216369628906,"x":76.150909423828125,"width":1702.4758257508317,"height":83}},{"text":"equation.pdf","targetRectangle":{"y":345.63446358653982,"x":732.70488834381104,"width":32.939989321699727,"height":60.334161063221018}},{"text":"equation.pdf","targetRectangle":{"y":611.30909907260786,"x":790.83477115631104,"width":32.939989321699727,"height":60.334161063221018}},{"text":"equation.pdf","targetRectangle":{"y":256.29714584350586,"x":775.40117740631104,"width":68.56294492917641,"height":60.334161063221018}},{"text":"equation.pdf","targetRectangle":{"y":901.68431309673269,"x":1213.8408923550187,"width":32.939989321699841,"height":60.334161063221018}},{"text":"equation.pdf","targetRectangle":{"y":434.9717813295739,"x":874.04615358548745,"width":32.939989321699727,"height":60.334161063221018}}],"baseLayer":{"animations":[],"initialState":{"affineTransform":[1,0,0,1,0,0],"masksToBounds":false,"rotation":0,"scale":1,"position":{"pointX":960,"pointY":540},"width":1920,"sublayerTransform":[1,0,0,0,0,1,0,0,0,0,1,0,0,0,0,1],"contentsRect":{"y":0,"x":0,"width":1,"height":1},"opacity":1,"edgeAntialiasingMask":251658240,"height":1080,"hidden":false,"anchorPoint":{"pointX":0.5,"pointY":0.5}},"layers":[{"animations":[],"initialState":{"affineTransform":[1,0,0,1,0,0],"masksToBounds":false,"rotation":0,"scale":1,"position":{"pointX":960,"pointY":540},"width":1920,"sublayerTransform":[1,0,0,0,0,1,0,0,0,0,1,0,0,0,0,1],"contentsRect":{"y":0,"x":0,"width":1,"height":1},"opacity":1,"edgeAntialiasingMask":251658240,"height":1080,"hidden":false,"anchorPoint":{"pointX":0.5,"pointY":0.5}},"layers":[{"animations":[],"initialState":{"affineTransform":[1,0,0,1,0,0],"masksToBounds":false,"rotation":0,"scale":1,"position":{"pointX":960,"pointY":540},"width":1920,"sublayerTransform":[1,0,0,0,0,1,0,0,0,0,1,0,0,0,0,1],"contentsRect":{"y":0,"x":0,"width":1,"height":1},"opacity":1,"edgeAntialiasingMask":251658240,"height":1080,"hidden":false,"anchorPoint":{"pointX":0.5,"pointY":0.5}},"layers":[{"animations":[],"layers":[],"texturedRectangle":{"isBackgroundTexture":true,"singleTextureOpacity":1,"textureType":1,"textBaseline":0,"textXHeight":0,"isVerticalText":false},"initialState":{"affineTransform":[1,0,0,1,0,0],"masksToBounds":false,"rotation":0,"scale":1,"position":{"pointX":960,"pointY":540},"width":1920,"sublayerTransform":[1,0,0,0,0,1,0,0,0,0,1,0,0,0,0,1],"contentsRect":{"y":0,"x":0,"width":1,"height":1},"opacity":1,"edgeAntialiasingMask":0,"height":1080,"hidden":false,"anchorPoint":{"pointX":0.5,"pointY":0.5}},"texture":"C25C25FF361FB24FC35F6B120D2F252D"}]}]},{"animations":[],"initialState":{"affineTransform":[1,0,0,1,0,0],"masksToBounds":false,"rotation":0,"scale":1,"position":{"pointX":960,"pointY":540},"width":1920,"sublayerTransform":[1,0,0,0,0,1,0,0,0,0,1,0,0,0,0,1],"contentsRect":{"y":0,"x":0,"width":1,"height":1},"opacity":1,"edgeAntialiasingMask":251658240,"height":1080,"hidden":false,"anchorPoint":{"pointX":0.5,"pointY":0.5}},"layers":[{"animations":[],"initialState":{"affineTransform":[1,0,0,1,0,0],"masksToBounds":false,"rotation":0,"scale":1,"position":{"pointX":923.65090942382812,"pointY":109.49521636962891},"width":1703,"sublayerTransform":[1,0,0,0,0,1,0,0,0,0,1,0,0,0,0,1],"contentsRect":{"y":0,"x":0,"width":1,"height":1},"opacity":1,"edgeAntialiasingMask":251658240,"height":69,"hidden":false,"anchorPoint":{"pointX":0.5,"pointY":0.5}},"layers":[{"animations":[],"layers":[],"texturedRectangle":{"singleTextureOpacity":1,"textXHeight":0.51890709918478262,"textBaseline":0.74240547954172331,"isBackgroundTexture":true,"isVerticalText":false,"textColor":[0,0.30196079611778259,0.50196081399917603,1],"textureType":6},"initialState":{"affineTransform":[1,0,0,1,0,0],"masksToBounds":false,"rotation":0,"scale":1,"position":{"pointX":860.34909057617188,"pointY":53.504783630371094},"width":1703,"sublayerTransform":[1,0,0,0,0,1,0,0,0,0,1,0,0,0,0,1],"contentsRect":{"y":0,"x":0,"width":1,"height":1},"opacity":1,"edgeAntialiasingMask":0,"height":69,"hidden":false,"anchorPoint":{"pointX":0.5,"pointY":0.5}},"texture":"7E875F4A1A4FD83A41444FFF85CCB5A0"}]}]},{"animations":[],"initialState":{"affineTransform":[1,0,0,1,0,0],"masksToBounds":false,"rotation":0,"scale":1,"position":{"pointX":960,"pointY":540},"width":1920,"sublayerTransform":[1,0,0,0,0,1,0,0,0,0,1,0,0,0,0,1],"contentsRect":{"y":0,"x":0,"width":1,"height":1},"opacity":1,"edgeAntialiasingMask":251658240,"height":1080,"hidden":false,"anchorPoint":{"pointX":0.5,"pointY":0.5}},"layers":[{"animations":[],"initialState":{"affineTransform":[1,0,0,1,0,0],"masksToBounds":false,"rotation":0,"scale":1,"position":{"pointX":627.59648895263672,"pointY":461.79714584350586},"width":1110,"sublayerTransform":[1,0,0,0,0,1,0,0,0,0,1,0,0,0,0,1],"contentsRect":{"y":0,"x":0,"width":1,"height":1},"opacity":1,"edgeAntialiasingMask":251658240,"height":419,"hidden":false,"anchorPoint":{"pointX":0.5,"pointY":0.5}},"objectID":"1B55203B-2C78-46B7-AA0A-C828790AC755","layers":[{"animations":[],"layers":[],"texturedRectangle":{"singleTextureOpacity":1,"textXHeight":0.092532310956790126,"textBaseline":0.93908669355213548,"isBackgroundTexture":false,"isVerticalText":false,"textColor":[0,0,0,1],"textureType":6},"initialState":{"affineTransform":[1,0,0,1,0,0],"masksToBounds":false,"rotation":0,"scale":1,"position":{"pointX":561.40351104736328,"pointY":124.20285415649414},"width":1110,"sublayerTransform":[1,0,0,0,0,1,0,0,0,0,1,0,0,0,0,1],"contentsRect":{"y":0,"x":0,"width":1,"height":1},"opacity":1,"edgeAntialiasingMask":0,"height":243,"hidden":false,"anchorPoint":{"pointX":0.5,"pointY":0.5}},"texture":"C42295E5592113CDCCB9E7EB12B35CF3"},{"animations":[],"layers":[],"texturedRectangle":{"singleTextureOpacity":1,"textXHeight":0.16060965401785715,"textBaseline":0.89668131625859193,"isBackgroundTexture":false,"isVerticalText":false,"textColor":[0,0,0,1],"textureType":6},"initialState":{"affineTransform":[1,0,0,1,0,0],"masksToBounds":false,"rotation":0,"scale":1,"position":{"pointX":379.90351104736328,"pointY":351.70285415649414},"width":747,"sublayerTransform":[1,0,0,0,0,1,0,0,0,0,1,0,0,0,0,1],"contentsRect":{"y":0,"x":0,"width":1,"height":1},"opacity":1,"edgeAntialiasingMask":0,"height":140,"hidden":true,"anchorPoint":{"pointX":0.5,"pointY":0.5}},"texture":"F7CFB93C04B210737A1132A18243022B"}]}]},{"animations":[],"initialState":{"affineTransform":[1,0,0,1,0,0],"masksToBounds":false,"rotation":0,"scale":1,"position":{"pointX":960,"pointY":540},"width":1920,"sublayerTransform":[1,0,0,0,0,1,0,0,0,0,1,0,0,0,0,1],"contentsRect":{"y":0,"x":0,"width":1,"height":1},"opacity":1,"edgeAntialiasingMask":251658240,"height":1080,"hidden":false,"anchorPoint":{"pointX":0.5,"pointY":0.5}},"layers":[{"animations":[],"initialState":{"affineTransform":[1,0,0,1,0,0],"masksToBounds":false,"rotation":0,"scale":1,"position":{"pointX":665.85607147216797,"pointY":835.84699535369873},"width":1154,"sublayerTransform":[1,0,0,0,0,1,0,0,0,0,1,0,0,0,0,1],"contentsRect":{"y":0,"x":0,"width":1,"height":1},"opacity":1,"edgeAntialiasingMask":251658240,"height":229,"hidden":false,"anchorPoint":{"pointX":0.5,"pointY":0.5}},"objectID":"AED1EF20-571A-40F3-9D0A-2163799436F4","layers":[{"animations":[],"layers":[],"texturedRectangle":{"singleTextureOpacity":1,"textXHeight":0.098189308133187769,"textBaseline":0.93847422838571071,"isBackgroundTexture":true,"isVerticalText":false,"textColor":[0,0,0,1],"textureType":6},"initialState":{"affineTransform":[1,0,0,1,0,0],"masksToBounds":false,"rotation":0,"scale":1,"position":{"pointX":582.14392852783203,"pointY":128.15300464630127},"width":1154,"sublayerTransform":[1,0,0,0,0,1,0,0,0,0,1,0,0,0,0,1],"contentsRect":{"y":0,"x":0,"width":1,"height":1},"opacity":1,"edgeAntialiasingMask":0,"height":229,"hidden":true,"anchorPoint":{"pointX":0.5,"pointY":0.5}},"texture":"0F60863D3285FF4516EF650E6A043078"}]}]},{"animations":[],"initialState":{"affineTransform":[1,0,0,1,0,0],"masksToBounds":false,"rotation":0,"scale":1,"position":{"pointX":960,"pointY":540},"width":1920,"sublayerTransform":[1,0,0,0,0,1,0,0,0,0,1,0,0,0,0,1],"contentsRect":{"y":0,"x":0,"width":1,"height":1},"opacity":1,"edgeAntialiasingMask":251658240,"height":1080,"hidden":false,"anchorPoint":{"pointX":0.5,"pointY":0.5}},"layers":[{"animations":[],"initialState":{"affineTransform":[1,0,0,1,0,0],"masksToBounds":false,"rotation":0,"scale":1,"position":{"pointX":1349.8677978515625,"pointY":845.22784423828125},"width":157,"sublayerTransform":[1,0,0,0,0,1,0,0,0,0,1,0,0,0,0,1],"contentsRect":{"y":0,"x":0,"width":1,"height":1},"opacity":1,"edgeAntialiasingMask":251658240,"height":157,"hidden":false,"anchorPoint":{"pointX":0.5,"pointY":0.5}},"objectID":"6ACC4F37-2D30-43C3-8BCB-5440EFCC9B05","layers":[{"animations":[],"layers":[],"texturedRectangle":{"isBackgroundTexture":true,"singleTextureOpacity":1,"textureType":5,"textBaseline":0,"textXHeight":0,"isVerticalText":false},"initialState":{"affineTransform":[1,0,0,1,0,0],"masksToBounds":false,"rotation":0,"scale":1,"position":{"pointX":77.1322021484375,"pointY":76.77215576171875},"width":157,"sublayerTransform":[1,0,0,0,0,1,0,0,0,0,1,0,0,0,0,1],"contentsRect":{"y":0,"x":0,"width":1,"height":1},"opacity":1,"edgeAntialiasingMask":0,"height":157,"hidden":true,"anchorPoint":{"pointX":0.5,"pointY":0.5}},"texture":"411C7E6B0BC82129DE5213282E546BE9"}]}]}]}},{"effects":[{"beginTime":0,"baseLayer":{"animations":[],"initialState":{"affineTransform":[1,0,0,1,0,0],"masksToBounds":false,"rotation":0,"scale":1,"position":{"pointX":1349.8677978515625,"pointY":845.22784423828125},"width":157,"sublayerTransform":[1,0,0,0,0,1,0,0,0,0,1,0,0,0,0,1],"contentsRect":{"y":0,"x":0,"width":1,"height":1},"opacity":1,"edgeAntialiasingMask":251658240,"height":157,"hidden":false,"anchorPoint":{"pointX":0.5,"pointY":0.5}},"objectID":"6ACC4F37-2D30-43C3-8BCB-5440EFCC9B05","layers":[{"animations":[],"initialState":{"affineTransform":[1,0,0,1,0,0],"masksToBounds":false,"rotation":0,"scale":1,"position":{"pointX":-311.3677978515625,"pointY":-226.72784423828125},"width":157,"sublayerTransform":[1,0,0,0,0,1,0,0,0,0,1,-0.00035007912466775983,0,0,0,1],"contentsRect":{"y":0,"x":0,"width":1,"height":1},"opacity":1,"edgeAntialiasingMask":251658240,"height":157,"hidden":false,"anchorPoint":{"pointX":-1.9832343812201434,"pointY":-1.4441263964221736}},"layers":[{"animations":[{"additive":false,"timeOffset":0,"beginTime":1e-100,"repeatCount":0,"fillMode":"both","duration":1,"autoreverses":false,"animations":[{"repeatCount":0,"removedOnCompletion":true,"from":{"scalar":0},"timingFunction":"EaseInEaseOut","additive":false,"timeOffset":0,"autoreverses":false,"property":"opacity","fillMode":"both","duration":1,"beginTime":0,"to":{"scalar":1}},{"additive":false,"timeOffset":0,"beginTime":0,"from":{"scalar":false},"repeatCount":0,"fillMode":"forwards","duration":1,"autoreverses":false,"property":"hidden","to":{"scalar":false},"removedOnCompletion":true}],"removedOnCompletion":false}],"layers":[],"texturedRectangle":{"isBackgroundTexture":true,"singleTextureOpacity":1,"textureType":5,"textBaseline":0,"textXHeight":0,"isVerticalText":false},"initialState":{"affineTransform":[1,0,0,1,0,0],"masksToBounds":false,"rotation":0,"scale":1,"position":{"pointX":77.1322021484375,"pointY":76.77215576171875},"width":157,"sublayerTransform":[1,0,0,0,0,1,0,0,0,0,1,0,0,0,0,1],"contentsRect":{"y":0,"x":0,"width":1,"height":1},"opacity":1,"edgeAntialiasingMask":0,"height":157,"hidden":true,"anchorPoint":{"pointX":0.5,"pointY":0.5}},"texture":"411C7E6B0BC82129DE5213282E546BE9"}]}]},"effects":[],"duration":1,"type":"buildIn","attributes":{"direction":0},"name":"com.apple.iWork.Keynote.Blur","objectID":"6ACC4F37-2D30-43C3-8BCB-5440EFCC9B05"}],"automaticPlay":false,"hyperlinks":[],"accessibility":[{"text":"equation.pdf","targetRectangle":{"y":256.29714584350586,"x":1135.0285754604874,"width":32.939989321699841,"height":60.334161063221018}},{"text":"equation.pdf","targetRectangle":{"y":901.68431309673269,"x":1031.7769708633423,"width":68.56294492917641,"height":60.334161063221018}},{"text":"equation.pdf","targetRectangle":{"y":434.9717813295739,"x":691.98223209381104,"width":68.56294492917641,"height":60.334161063221018}},{"text":"Prover knows a resolution proof ￼ for a formula ￼ ","targetRectangle":{"y":256.29714584350586,"x":100.59648990631104,"width":1081.2636764383763,"height":89.337317743034021}},{"text":"Convince the verifier that ￼ is unsatisfiable ","targetRectangle":{"y":345.63446358653988,"x":196.59648990631104,"width":884.60014557169961,"height":89.337317743034021}},{"text":"Keep information about ￼  and ￼ private","targetRectangle":{"y":434.9717813295739,"x":196.59648990631104,"width":863.88086393837602,"height":89.337317743033964}},{"text":"Verifier: ","targetRectangle":{"y":524.30909907260786,"x":100.59648990631104,"width":170.5078125,"height":87}},{"text":"Validate prover’s claim about ￼","targetRectangle":{"y":611.30909907260786,"x":196.59648990631104,"width":627.17827057169973,"height":89.337317743034077}},{"text":"equation.pdf","targetRectangle":{"y":812.34699535369873,"x":1089.1988458633423,"width":32.939989321699841,"height":60.334161063221018}},{"text":"Proving Unsatisfiability in Zero Knowledge Proof","targetRectangle":{"y":78.995216369628906,"x":76.150909423828125,"width":1702.4758257508317,"height":83}},{"text":"equation.pdf","targetRectangle":{"y":345.63446358653982,"x":732.70488834381104,"width":32.939989321699727,"height":60.334161063221018}},{"text":"equation.pdf","targetRectangle":{"y":611.30909907260786,"x":790.83477115631104,"width":32.939989321699727,"height":60.334161063221018}},{"text":"equation.pdf","targetRectangle":{"y":256.29714584350586,"x":775.40117740631104,"width":68.56294492917641,"height":60.334161063221018}},{"text":"equation.pdf","targetRectangle":{"y":901.68431309673269,"x":1213.8408923550187,"width":32.939989321699841,"height":60.334161063221018}},{"text":"equation.pdf","targetRectangle":{"y":434.9717813295739,"x":874.04615358548745,"width":32.939989321699727,"height":60.334161063221018}}],"baseLayer":{"animations":[],"initialState":{"affineTransform":[1,0,0,1,0,0],"masksToBounds":false,"rotation":0,"scale":1,"position":{"pointX":960,"pointY":540},"width":1920,"sublayerTransform":[1,0,0,0,0,1,0,0,0,0,1,0,0,0,0,1],"contentsRect":{"y":0,"x":0,"width":1,"height":1},"opacity":1,"edgeAntialiasingMask":251658240,"height":1080,"hidden":false,"anchorPoint":{"pointX":0.5,"pointY":0.5}},"layers":[{"animations":[],"initialState":{"affineTransform":[1,0,0,1,0,0],"masksToBounds":false,"rotation":0,"scale":1,"position":{"pointX":960,"pointY":540},"width":1920,"sublayerTransform":[1,0,0,0,0,1,0,0,0,0,1,0,0,0,0,1],"contentsRect":{"y":0,"x":0,"width":1,"height":1},"opacity":1,"edgeAntialiasingMask":251658240,"height":1080,"hidden":false,"anchorPoint":{"pointX":0.5,"pointY":0.5}},"layers":[{"animations":[],"initialState":{"affineTransform":[1,0,0,1,0,0],"masksToBounds":false,"rotation":0,"scale":1,"position":{"pointX":960,"pointY":540},"width":1920,"sublayerTransform":[1,0,0,0,0,1,0,0,0,0,1,0,0,0,0,1],"contentsRect":{"y":0,"x":0,"width":1,"height":1},"opacity":1,"edgeAntialiasingMask":251658240,"height":1080,"hidden":false,"anchorPoint":{"pointX":0.5,"pointY":0.5}},"layers":[{"animations":[],"layers":[],"texturedRectangle":{"isBackgroundTexture":true,"singleTextureOpacity":1,"textureType":1,"textBaseline":0,"textXHeight":0,"isVerticalText":false},"initialState":{"affineTransform":[1,0,0,1,0,0],"masksToBounds":false,"rotation":0,"scale":1,"position":{"pointX":960,"pointY":540},"width":1920,"sublayerTransform":[1,0,0,0,0,1,0,0,0,0,1,0,0,0,0,1],"contentsRect":{"y":0,"x":0,"width":1,"height":1},"opacity":1,"edgeAntialiasingMask":0,"height":1080,"hidden":false,"anchorPoint":{"pointX":0.5,"pointY":0.5}},"texture":"C25C25FF361FB24FC35F6B120D2F252D"}]}]},{"animations":[],"initialState":{"affineTransform":[1,0,0,1,0,0],"masksToBounds":false,"rotation":0,"scale":1,"position":{"pointX":960,"pointY":540},"width":1920,"sublayerTransform":[1,0,0,0,0,1,0,0,0,0,1,0,0,0,0,1],"contentsRect":{"y":0,"x":0,"width":1,"height":1},"opacity":1,"edgeAntialiasingMask":251658240,"height":1080,"hidden":false,"anchorPoint":{"pointX":0.5,"pointY":0.5}},"layers":[{"animations":[],"initialState":{"affineTransform":[1,0,0,1,0,0],"masksToBounds":false,"rotation":0,"scale":1,"position":{"pointX":923.65090942382812,"pointY":109.49521636962891},"width":1703,"sublayerTransform":[1,0,0,0,0,1,0,0,0,0,1,0,0,0,0,1],"contentsRect":{"y":0,"x":0,"width":1,"height":1},"opacity":1,"edgeAntialiasingMask":251658240,"height":69,"hidden":false,"anchorPoint":{"pointX":0.5,"pointY":0.5}},"layers":[{"animations":[],"layers":[],"texturedRectangle":{"singleTextureOpacity":1,"textXHeight":0.51890709918478262,"textBaseline":0.74240547954172331,"isBackgroundTexture":true,"isVerticalText":false,"textColor":[0,0.30196079611778259,0.50196081399917603,1],"textureType":6},"initialState":{"affineTransform":[1,0,0,1,0,0],"masksToBounds":false,"rotation":0,"scale":1,"position":{"pointX":860.34909057617188,"pointY":53.504783630371094},"width":1703,"sublayerTransform":[1,0,0,0,0,1,0,0,0,0,1,0,0,0,0,1],"contentsRect":{"y":0,"x":0,"width":1,"height":1},"opacity":1,"edgeAntialiasingMask":0,"height":69,"hidden":false,"anchorPoint":{"pointX":0.5,"pointY":0.5}},"texture":"7E875F4A1A4FD83A41444FFF85CCB5A0"}]}]},{"animations":[],"initialState":{"affineTransform":[1,0,0,1,0,0],"masksToBounds":false,"rotation":0,"scale":1,"position":{"pointX":960,"pointY":540},"width":1920,"sublayerTransform":[1,0,0,0,0,1,0,0,0,0,1,0,0,0,0,1],"contentsRect":{"y":0,"x":0,"width":1,"height":1},"opacity":1,"edgeAntialiasingMask":251658240,"height":1080,"hidden":false,"anchorPoint":{"pointX":0.5,"pointY":0.5}},"layers":[{"animations":[],"initialState":{"affineTransform":[1,0,0,1,0,0],"masksToBounds":false,"rotation":0,"scale":1,"position":{"pointX":627.59648895263672,"pointY":461.79714584350586},"width":1110,"sublayerTransform":[1,0,0,0,0,1,0,0,0,0,1,0,0,0,0,1],"contentsRect":{"y":0,"x":0,"width":1,"height":1},"opacity":1,"edgeAntialiasingMask":251658240,"height":419,"hidden":false,"anchorPoint":{"pointX":0.5,"pointY":0.5}},"objectID":"1B55203B-2C78-46B7-AA0A-C828790AC755","layers":[{"animations":[],"layers":[],"texturedRectangle":{"singleTextureOpacity":1,"textXHeight":0.092532310956790126,"textBaseline":0.93908669355213548,"isBackgroundTexture":false,"isVerticalText":false,"textColor":[0,0,0,1],"textureType":6},"initialState":{"affineTransform":[1,0,0,1,0,0],"masksToBounds":false,"rotation":0,"scale":1,"position":{"pointX":561.40351104736328,"pointY":124.20285415649414},"width":1110,"sublayerTransform":[1,0,0,0,0,1,0,0,0,0,1,0,0,0,0,1],"contentsRect":{"y":0,"x":0,"width":1,"height":1},"opacity":1,"edgeAntialiasingMask":0,"height":243,"hidden":false,"anchorPoint":{"pointX":0.5,"pointY":0.5}},"texture":"C42295E5592113CDCCB9E7EB12B35CF3"},{"animations":[],"layers":[],"texturedRectangle":{"singleTextureOpacity":1,"textXHeight":0.16060965401785715,"textBaseline":0.89668131625859193,"isBackgroundTexture":false,"isVerticalText":false,"textColor":[0,0,0,1],"textureType":6},"initialState":{"affineTransform":[1,0,0,1,0,0],"masksToBounds":false,"rotation":0,"scale":1,"position":{"pointX":379.90351104736328,"pointY":351.70285415649414},"width":747,"sublayerTransform":[1,0,0,0,0,1,0,0,0,0,1,0,0,0,0,1],"contentsRect":{"y":0,"x":0,"width":1,"height":1},"opacity":1,"edgeAntialiasingMask":0,"height":140,"hidden":false,"anchorPoint":{"pointX":0.5,"pointY":0.5}},"texture":"F7CFB93C04B210737A1132A18243022B"}]}]},{"animations":[],"initialState":{"affineTransform":[1,0,0,1,0,0],"masksToBounds":false,"rotation":0,"scale":1,"position":{"pointX":960,"pointY":540},"width":1920,"sublayerTransform":[1,0,0,0,0,1,0,0,0,0,1,0,0,0,0,1],"contentsRect":{"y":0,"x":0,"width":1,"height":1},"opacity":1,"edgeAntialiasingMask":251658240,"height":1080,"hidden":false,"anchorPoint":{"pointX":0.5,"pointY":0.5}},"layers":[{"animations":[],"initialState":{"affineTransform":[1,0,0,1,0,0],"masksToBounds":false,"rotation":0,"scale":1,"position":{"pointX":665.85607147216797,"pointY":835.84699535369873},"width":1154,"sublayerTransform":[1,0,0,0,0,1,0,0,0,0,1,0,0,0,0,1],"contentsRect":{"y":0,"x":0,"width":1,"height":1},"opacity":1,"edgeAntialiasingMask":251658240,"height":229,"hidden":false,"anchorPoint":{"pointX":0.5,"pointY":0.5}},"objectID":"AED1EF20-571A-40F3-9D0A-2163799436F4","layers":[{"animations":[],"layers":[],"texturedRectangle":{"singleTextureOpacity":1,"textXHeight":0.098189308133187769,"textBaseline":0.93847422838571071,"isBackgroundTexture":true,"isVerticalText":false,"textColor":[0,0,0,1],"textureType":6},"initialState":{"affineTransform":[1,0,0,1,0,0],"masksToBounds":false,"rotation":0,"scale":1,"position":{"pointX":582.14392852783203,"pointY":128.15300464630127},"width":1154,"sublayerTransform":[1,0,0,0,0,1,0,0,0,0,1,0,0,0,0,1],"contentsRect":{"y":0,"x":0,"width":1,"height":1},"opacity":1,"edgeAntialiasingMask":0,"height":229,"hidden":true,"anchorPoint":{"pointX":0.5,"pointY":0.5}},"texture":"0F60863D3285FF4516EF650E6A043078"}]}]},{"animations":[],"initialState":{"affineTransform":[1,0,0,1,0,0],"masksToBounds":false,"rotation":0,"scale":1,"position":{"pointX":960,"pointY":540},"width":1920,"sublayerTransform":[1,0,0,0,0,1,0,0,0,0,1,0,0,0,0,1],"contentsRect":{"y":0,"x":0,"width":1,"height":1},"opacity":1,"edgeAntialiasingMask":251658240,"height":1080,"hidden":false,"anchorPoint":{"pointX":0.5,"pointY":0.5}},"layers":[{"animations":[],"initialState":{"affineTransform":[1,0,0,1,0,0],"masksToBounds":false,"rotation":0,"scale":1,"position":{"pointX":1349.8677978515625,"pointY":845.22784423828125},"width":157,"sublayerTransform":[1,0,0,0,0,1,0,0,0,0,1,0,0,0,0,1],"contentsRect":{"y":0,"x":0,"width":1,"height":1},"opacity":1,"edgeAntialiasingMask":251658240,"height":157,"hidden":false,"anchorPoint":{"pointX":0.5,"pointY":0.5}},"objectID":"6ACC4F37-2D30-43C3-8BCB-5440EFCC9B05","layers":[{"animations":[],"layers":[],"texturedRectangle":{"isBackgroundTexture":true,"singleTextureOpacity":1,"textureType":5,"textBaseline":0,"textXHeight":0,"isVerticalText":false},"initialState":{"affineTransform":[1,0,0,1,0,0],"masksToBounds":false,"rotation":0,"scale":1,"position":{"pointX":77.1322021484375,"pointY":76.77215576171875},"width":157,"sublayerTransform":[1,0,0,0,0,1,0,0,0,0,1,0,0,0,0,1],"contentsRect":{"y":0,"x":0,"width":1,"height":1},"opacity":1,"edgeAntialiasingMask":0,"height":157,"hidden":true,"anchorPoint":{"pointX":0.5,"pointY":0.5}},"texture":"411C7E6B0BC82129DE5213282E546BE9"}]}]}]}},{"effects":[{"beginTime":0,"baseLayer":{"animations":[],"initialState":{"affineTransform":[1,0,0,1,0,0],"masksToBounds":false,"rotation":0,"scale":1,"position":{"pointX":665.85607147216797,"pointY":835.84699535369873},"width":1154,"sublayerTransform":[1,0,0,0,0,1,0,0,0,0,1,0,0,0,0,1],"contentsRect":{"y":0,"x":0,"width":1,"height":1},"opacity":1,"edgeAntialiasingMask":251658240,"height":229,"hidden":false,"anchorPoint":{"pointX":0.5,"pointY":0.5}},"objectID":"AED1EF20-571A-40F3-9D0A-2163799436F4","layers":[{"animations":[],"initialState":{"affineTransform":[1,0,0,1,0,0],"masksToBounds":false,"rotation":0,"scale":1,"position":{"pointX":871.14392852783203,"pointY":-181.34699535369873},"width":1154,"sublayerTransform":[1,0,0,0,0,1,0,0,0,0,1,-0.00035007912466775983,0,0,0,1],"contentsRect":{"y":0,"x":0,"width":1,"height":1},"opacity":1,"edgeAntialiasingMask":251658240,"height":229,"hidden":false,"anchorPoint":{"pointX":0.75489075262377126,"pointY":-0.79190827665370622}},"layers":[{"animations":[{"additive":false,"timeOffset":0,"beginTime":1e-100,"repeatCount":0,"fillMode":"both","duration":0.5,"autoreverses":false,"animations":[{"repeatCount":0,"removedOnCompletion":true,"from":{"scalar":0},"timingFunction":"EaseInEaseOut","additive":false,"timeOffset":0,"autoreverses":false,"property":"opacity","fillMode":"both","duration":0.5,"beginTime":0,"to":{"scalar":1}},{"additive":false,"timeOffset":0,"beginTime":0,"from":{"scalar":false},"repeatCount":0,"fillMode":"forwards","duration":0.5,"autoreverses":false,"property":"hidden","to":{"scalar":false},"removedOnCompletion":true}],"removedOnCompletion":false}],"layers":[],"texturedRectangle":{"singleTextureOpacity":1,"textXHeight":0.098189308133187769,"textBaseline":0.93847422838571071,"isBackgroundTexture":true,"isVerticalText":false,"textColor":[0,0,0,1],"textureType":6},"initialState":{"affineTransform":[1,0,0,1,0,0],"masksToBounds":false,"rotation":0,"scale":1,"position":{"pointX":582.14392852783203,"pointY":128.15300464630127},"width":1154,"sublayerTransform":[1,0,0,0,0,1,0,0,0,0,1,0,0,0,0,1],"contentsRect":{"y":0,"x":0,"width":1,"height":1},"opacity":1,"edgeAntialiasingMask":0,"height":229,"hidden":true,"anchorPoint":{"pointX":0.5,"pointY":0.5}},"texture":"0F60863D3285FF4516EF650E6A043078"}]}]},"effects":[],"duration":0.5,"type":"buildIn","attributes":{"direction":0},"name":"com.apple.iWork.Keynote.Blur","objectID":"AED1EF20-571A-40F3-9D0A-2163799436F4"}],"automaticPlay":false,"hyperlinks":[],"accessibility":[{"text":"equation.pdf","targetRectangle":{"y":256.29714584350586,"x":1135.0285754604874,"width":32.939989321699841,"height":60.334161063221018}},{"text":"equation.pdf","targetRectangle":{"y":901.68431309673269,"x":1031.7769708633423,"width":68.56294492917641,"height":60.334161063221018}},{"text":"equation.pdf","targetRectangle":{"y":434.9717813295739,"x":691.98223209381104,"width":68.56294492917641,"height":60.334161063221018}},{"text":"Prover knows a resolution proof ￼ for a formula ￼ ","targetRectangle":{"y":256.29714584350586,"x":100.59648990631104,"width":1081.2636764383763,"height":89.337317743034021}},{"text":"Convince the verifier that ￼ is unsatisfiable ","targetRectangle":{"y":345.63446358653988,"x":196.59648990631104,"width":884.60014557169961,"height":89.337317743034021}},{"text":"Keep information about ￼  and ￼ private","targetRectangle":{"y":434.9717813295739,"x":196.59648990631104,"width":863.88086393837602,"height":89.337317743033964}},{"text":"Verifier: ","targetRectangle":{"y":524.30909907260786,"x":100.59648990631104,"width":170.5078125,"height":87}},{"text":"Validate prover’s claim about ￼","targetRectangle":{"y":611.30909907260786,"x":196.59648990631104,"width":627.17827057169973,"height":89.337317743034077}},{"text":"equation.pdf","targetRectangle":{"y":812.34699535369873,"x":1089.1988458633423,"width":32.939989321699841,"height":60.334161063221018}},{"text":"pasted-image.tiff","targetRectangle":{"y":766.72784423828125,"x":1271.3677978515625,"width":153.9097900390625,"height":153.9097900390625}},{"text":"Proving Unsatisfiability in Zero Knowledge Proof","targetRectangle":{"y":78.995216369628906,"x":76.150909423828125,"width":1702.4758257508317,"height":83}},{"text":"equation.pdf","targetRectangle":{"y":345.63446358653982,"x":732.70488834381104,"width":32.939989321699727,"height":60.334161063221018}},{"text":"equation.pdf","targetRectangle":{"y":611.30909907260786,"x":790.83477115631104,"width":32.939989321699727,"height":60.334161063221018}},{"text":"equation.pdf","targetRectangle":{"y":256.29714584350586,"x":775.40117740631104,"width":68.56294492917641,"height":60.334161063221018}},{"text":"equation.pdf","targetRectangle":{"y":901.68431309673269,"x":1213.8408923550187,"width":32.939989321699841,"height":60.334161063221018}},{"text":"equation.pdf","targetRectangle":{"y":434.9717813295739,"x":874.04615358548745,"width":32.939989321699727,"height":60.334161063221018}}],"baseLayer":{"animations":[],"initialState":{"affineTransform":[1,0,0,1,0,0],"masksToBounds":false,"rotation":0,"scale":1,"position":{"pointX":960,"pointY":540},"width":1920,"sublayerTransform":[1,0,0,0,0,1,0,0,0,0,1,0,0,0,0,1],"contentsRect":{"y":0,"x":0,"width":1,"height":1},"opacity":1,"edgeAntialiasingMask":251658240,"height":1080,"hidden":false,"anchorPoint":{"pointX":0.5,"pointY":0.5}},"layers":[{"animations":[],"initialState":{"affineTransform":[1,0,0,1,0,0],"masksToBounds":false,"rotation":0,"scale":1,"position":{"pointX":960,"pointY":540},"width":1920,"sublayerTransform":[1,0,0,0,0,1,0,0,0,0,1,0,0,0,0,1],"contentsRect":{"y":0,"x":0,"width":1,"height":1},"opacity":1,"edgeAntialiasingMask":251658240,"height":1080,"hidden":false,"anchorPoint":{"pointX":0.5,"pointY":0.5}},"layers":[{"animations":[],"initialState":{"affineTransform":[1,0,0,1,0,0],"masksToBounds":false,"rotation":0,"scale":1,"position":{"pointX":960,"pointY":540},"width":1920,"sublayerTransform":[1,0,0,0,0,1,0,0,0,0,1,0,0,0,0,1],"contentsRect":{"y":0,"x":0,"width":1,"height":1},"opacity":1,"edgeAntialiasingMask":251658240,"height":1080,"hidden":false,"anchorPoint":{"pointX":0.5,"pointY":0.5}},"layers":[{"animations":[],"layers":[],"texturedRectangle":{"isBackgroundTexture":true,"singleTextureOpacity":1,"textureType":1,"textBaseline":0,"textXHeight":0,"isVerticalText":false},"initialState":{"affineTransform":[1,0,0,1,0,0],"masksToBounds":false,"rotation":0,"scale":1,"position":{"pointX":960,"pointY":540},"width":1920,"sublayerTransform":[1,0,0,0,0,1,0,0,0,0,1,0,0,0,0,1],"contentsRect":{"y":0,"x":0,"width":1,"height":1},"opacity":1,"edgeAntialiasingMask":0,"height":1080,"hidden":false,"anchorPoint":{"pointX":0.5,"pointY":0.5}},"texture":"C25C25FF361FB24FC35F6B120D2F252D"}]}]},{"animations":[],"initialState":{"affineTransform":[1,0,0,1,0,0],"masksToBounds":false,"rotation":0,"scale":1,"position":{"pointX":960,"pointY":540},"width":1920,"sublayerTransform":[1,0,0,0,0,1,0,0,0,0,1,0,0,0,0,1],"contentsRect":{"y":0,"x":0,"width":1,"height":1},"opacity":1,"edgeAntialiasingMask":251658240,"height":1080,"hidden":false,"anchorPoint":{"pointX":0.5,"pointY":0.5}},"layers":[{"animations":[],"initialState":{"affineTransform":[1,0,0,1,0,0],"masksToBounds":false,"rotation":0,"scale":1,"position":{"pointX":923.65090942382812,"pointY":109.49521636962891},"width":1703,"sublayerTransform":[1,0,0,0,0,1,0,0,0,0,1,0,0,0,0,1],"contentsRect":{"y":0,"x":0,"width":1,"height":1},"opacity":1,"edgeAntialiasingMask":251658240,"height":69,"hidden":false,"anchorPoint":{"pointX":0.5,"pointY":0.5}},"layers":[{"animations":[],"layers":[],"texturedRectangle":{"singleTextureOpacity":1,"textXHeight":0.51890709918478262,"textBaseline":0.74240547954172331,"isBackgroundTexture":true,"isVerticalText":false,"textColor":[0,0.30196079611778259,0.50196081399917603,1],"textureType":6},"initialState":{"affineTransform":[1,0,0,1,0,0],"masksToBounds":false,"rotation":0,"scale":1,"position":{"pointX":860.34909057617188,"pointY":53.504783630371094},"width":1703,"sublayerTransform":[1,0,0,0,0,1,0,0,0,0,1,0,0,0,0,1],"contentsRect":{"y":0,"x":0,"width":1,"height":1},"opacity":1,"edgeAntialiasingMask":0,"height":69,"hidden":false,"anchorPoint":{"pointX":0.5,"pointY":0.5}},"texture":"7E875F4A1A4FD83A41444FFF85CCB5A0"}]}]},{"animations":[],"initialState":{"affineTransform":[1,0,0,1,0,0],"masksToBounds":false,"rotation":0,"scale":1,"position":{"pointX":960,"pointY":540},"width":1920,"sublayerTransform":[1,0,0,0,0,1,0,0,0,0,1,0,0,0,0,1],"contentsRect":{"y":0,"x":0,"width":1,"height":1},"opacity":1,"edgeAntialiasingMask":251658240,"height":1080,"hidden":false,"anchorPoint":{"pointX":0.5,"pointY":0.5}},"layers":[{"animations":[],"initialState":{"affineTransform":[1,0,0,1,0,0],"masksToBounds":false,"rotation":0,"scale":1,"position":{"pointX":627.59648895263672,"pointY":461.79714584350586},"width":1110,"sublayerTransform":[1,0,0,0,0,1,0,0,0,0,1,0,0,0,0,1],"contentsRect":{"y":0,"x":0,"width":1,"height":1},"opacity":1,"edgeAntialiasingMask":251658240,"height":419,"hidden":false,"anchorPoint":{"pointX":0.5,"pointY":0.5}},"objectID":"1B55203B-2C78-46B7-AA0A-C828790AC755","layers":[{"animations":[],"layers":[],"texturedRectangle":{"singleTextureOpacity":1,"textXHeight":0.092532310956790126,"textBaseline":0.93908669355213548,"isBackgroundTexture":false,"isVerticalText":false,"textColor":[0,0,0,1],"textureType":6},"initialState":{"affineTransform":[1,0,0,1,0,0],"masksToBounds":false,"rotation":0,"scale":1,"position":{"pointX":561.40351104736328,"pointY":124.20285415649414},"width":1110,"sublayerTransform":[1,0,0,0,0,1,0,0,0,0,1,0,0,0,0,1],"contentsRect":{"y":0,"x":0,"width":1,"height":1},"opacity":1,"edgeAntialiasingMask":0,"height":243,"hidden":false,"anchorPoint":{"pointX":0.5,"pointY":0.5}},"texture":"C42295E5592113CDCCB9E7EB12B35CF3"},{"animations":[],"layers":[],"texturedRectangle":{"singleTextureOpacity":1,"textXHeight":0.16060965401785715,"textBaseline":0.89668131625859193,"isBackgroundTexture":false,"isVerticalText":false,"textColor":[0,0,0,1],"textureType":6},"initialState":{"affineTransform":[1,0,0,1,0,0],"masksToBounds":false,"rotation":0,"scale":1,"position":{"pointX":379.90351104736328,"pointY":351.70285415649414},"width":747,"sublayerTransform":[1,0,0,0,0,1,0,0,0,0,1,0,0,0,0,1],"contentsRect":{"y":0,"x":0,"width":1,"height":1},"opacity":1,"edgeAntialiasingMask":0,"height":140,"hidden":false,"anchorPoint":{"pointX":0.5,"pointY":0.5}},"texture":"F7CFB93C04B210737A1132A18243022B"}]}]},{"animations":[],"initialState":{"affineTransform":[1,0,0,1,0,0],"masksToBounds":false,"rotation":0,"scale":1,"position":{"pointX":960,"pointY":540},"width":1920,"sublayerTransform":[1,0,0,0,0,1,0,0,0,0,1,0,0,0,0,1],"contentsRect":{"y":0,"x":0,"width":1,"height":1},"opacity":1,"edgeAntialiasingMask":251658240,"height":1080,"hidden":false,"anchorPoint":{"pointX":0.5,"pointY":0.5}},"layers":[{"animations":[],"initialState":{"affineTransform":[1,0,0,1,0,0],"masksToBounds":false,"rotation":0,"scale":1,"position":{"pointX":665.85607147216797,"pointY":835.84699535369873},"width":1154,"sublayerTransform":[1,0,0,0,0,1,0,0,0,0,1,0,0,0,0,1],"contentsRect":{"y":0,"x":0,"width":1,"height":1},"opacity":1,"edgeAntialiasingMask":251658240,"height":229,"hidden":false,"anchorPoint":{"pointX":0.5,"pointY":0.5}},"objectID":"AED1EF20-571A-40F3-9D0A-2163799436F4","layers":[{"animations":[],"layers":[],"texturedRectangle":{"singleTextureOpacity":1,"textXHeight":0.098189308133187769,"textBaseline":0.93847422838571071,"isBackgroundTexture":true,"isVerticalText":false,"textColor":[0,0,0,1],"textureType":6},"initialState":{"affineTransform":[1,0,0,1,0,0],"masksToBounds":false,"rotation":0,"scale":1,"position":{"pointX":582.14392852783203,"pointY":128.15300464630127},"width":1154,"sublayerTransform":[1,0,0,0,0,1,0,0,0,0,1,0,0,0,0,1],"contentsRect":{"y":0,"x":0,"width":1,"height":1},"opacity":1,"edgeAntialiasingMask":0,"height":229,"hidden":true,"anchorPoint":{"pointX":0.5,"pointY":0.5}},"texture":"0F60863D3285FF4516EF650E6A043078"}]}]},{"animations":[],"initialState":{"affineTransform":[1,0,0,1,0,0],"masksToBounds":false,"rotation":0,"scale":1,"position":{"pointX":960,"pointY":540},"width":1920,"sublayerTransform":[1,0,0,0,0,1,0,0,0,0,1,0,0,0,0,1],"contentsRect":{"y":0,"x":0,"width":1,"height":1},"opacity":1,"edgeAntialiasingMask":251658240,"height":1080,"hidden":false,"anchorPoint":{"pointX":0.5,"pointY":0.5}},"layers":[{"animations":[],"initialState":{"affineTransform":[1,0,0,1,0,0],"masksToBounds":false,"rotation":0,"scale":1,"position":{"pointX":1349.8677978515625,"pointY":845.22784423828125},"width":157,"sublayerTransform":[1,0,0,0,0,1,0,0,0,0,1,0,0,0,0,1],"contentsRect":{"y":0,"x":0,"width":1,"height":1},"opacity":1,"edgeAntialiasingMask":251658240,"height":157,"hidden":false,"anchorPoint":{"pointX":0.5,"pointY":0.5}},"objectID":"6ACC4F37-2D30-43C3-8BCB-5440EFCC9B05","layers":[{"animations":[],"layers":[],"texturedRectangle":{"isBackgroundTexture":true,"singleTextureOpacity":1,"textureType":5,"textBaseline":0,"textXHeight":0,"isVerticalText":false},"initialState":{"affineTransform":[1,0,0,1,0,0],"masksToBounds":false,"rotation":0,"scale":1,"position":{"pointX":77.1322021484375,"pointY":76.77215576171875},"width":157,"sublayerTransform":[1,0,0,0,0,1,0,0,0,0,1,0,0,0,0,1],"contentsRect":{"y":0,"x":0,"width":1,"height":1},"opacity":1,"edgeAntialiasingMask":0,"height":157,"hidden":false,"anchorPoint":{"pointX":0.5,"pointY":0.5}},"texture":"411C7E6B0BC82129DE5213282E546BE9"}]}]}]}},{"effects":[{"beginTime":0,"baseLayer":{"animations":[],"initialState":{"affineTransform":[1,0,0,1,0,0],"masksToBounds":false,"rotation":0,"scale":1,"position":{"pointX":960,"pointY":540},"width":1920,"sublayerTransform":[1,0,0,0,0,1,0,0,0,0,1,0,0,0,0,1],"contentsRect":{"y":0,"x":0,"width":1,"height":1},"opacity":1,"edgeAntialiasingMask":251658240,"height":1080,"hidden":false,"anchorPoint":{"pointX":0.5,"pointY":0.5}},"objectID":"0","layers":[{"animations":[],"initialState":{"affineTransform":[1,0,0,1,0,0],"masksToBounds":false,"rotation":0,"scale":1,"position":{"pointX":960,"pointY":540},"width":1920,"sublayerTransform":[1,0,0,0,0,1,0,0,0,0,1,-0.00035007912466775983,0,0,0,1],"contentsRect":{"y":0,"x":0,"width":1,"height":1},"opacity":1,"edgeAntialiasingMask":251658240,"height":1080,"hidden":false,"anchorPoint":{"pointX":0.5,"pointY":0.5}},"layers":[{"animations":[],"layers":[],"texturedRectangle":{"isBackgroundTexture":false,"singleTextureOpacity":1,"textureType":0,"textBaseline":0,"textXHeight":0,"isVerticalText":false},"initialState":{"affineTransform":[1,0,0,1,0,0],"masksToBounds":false,"rotation":0,"scale":1,"position":{"pointX":960,"pointY":540},"width":1920,"sublayerTransform":[1,0,0,0,0,1,0,0,0,0,1,0,0,0,0,1],"contentsRect":{"y":0,"x":0,"width":1,"height":1},"opacity":1,"edgeAntialiasingMask":0,"height":1080,"hidden":false,"anchorPoint":{"pointX":0.5,"pointY":0.5}},"texture":"741C91A29623C1A8CCE3DEFCE336D369"},{"animations":[{"additive":false,"timeOffset":0,"beginTime":0,"from":{"scalar":false},"repeatCount":0,"fillMode":"both","duration":0.01,"autoreverses":false,"property":"hidden","to":{"scalar":true},"removedOnCompletion":false}],"layers":[],"texturedRectangle":{"isBackgroundTexture":false,"singleTextureOpacity":1,"textureType":0,"textBaseline":0,"textXHeight":0,"isVerticalText":false},"initialState":{"affineTransform":[1,0,0,1,0,0],"masksToBounds":false,"rotation":0,"scale":1,"position":{"pointX":960,"pointY":540},"width":1920,"sublayerTransform":[1,0,0,0,0,1,0,0,0,0,1,0,0,0,0,1],"contentsRect":{"y":0,"x":0,"width":1,"height":1},"opacity":1,"edgeAntialiasingMask":0,"height":1080,"hidden":false,"anchorPoint":{"pointX":0.5,"pointY":0.5}},"texture":"EE7C5CA0C323516C84A33B0C5274BD69"}]}]},"effects":[],"duration":0.01,"type":"transition","attributes":{"direction":0},"name":"none","objectID":"0"}],"automaticPlay":false,"hyperlinks":[],"accessibility":[{"text":"equation.pdf","targetRectangle":{"y":256.29714584350586,"x":1135.0285754604874,"width":32.939989321699841,"height":60.334161063221018}},{"text":"equation.pdf","targetRectangle":{"y":901.68431309673269,"x":1031.7769708633423,"width":68.56294492917641,"height":60.334161063221018}},{"text":"Both Prover and Verifier can be malicious.","targetRectangle":{"y":725.34699535369873,"x":92.856071472167969,"width":844.1650390625,"height":87}},{"text":"Prover might cheat about unsatisfiability of ￼","targetRectangle":{"y":812.34699535369873,"x":212.85607242584229,"width":909.28276275919961,"height":89.337317743033964}},{"text":"Verifier tries to learn information about ￼  and ￼","targetRectangle":{"y":901.68431309673269,"x":212.85607242584229,"width":1033.9248092508763,"height":89.337317743034077}},{"text":"equation.pdf","targetRectangle":{"y":434.9717813295739,"x":691.98223209381104,"width":68.56294492917641,"height":60.334161063221018}},{"text":"Prover knows a resolution proof ￼ for a formula ￼ ","targetRectangle":{"y":256.29714584350586,"x":100.59648990631104,"width":1081.2636764383763,"height":89.337317743034021}},{"text":"Convince the verifier that ￼ is unsatisfiable ","targetRectangle":{"y":345.63446358653988,"x":196.59648990631104,"width":884.60014557169961,"height":89.337317743034021}},{"text":"Keep information about ￼  and ￼ private","targetRectangle":{"y":434.9717813295739,"x":196.59648990631104,"width":863.88086393837602,"height":89.337317743033964}},{"text":"Verifier: ","targetRectangle":{"y":524.30909907260786,"x":100.59648990631104,"width":170.5078125,"height":87}},{"text":"Validate prover’s claim about ￼","targetRectangle":{"y":611.30909907260786,"x":196.59648990631104,"width":627.17827057169973,"height":89.337317743034077}},{"text":"equation.pdf","targetRectangle":{"y":812.34699535369873,"x":1089.1988458633423,"width":32.939989321699841,"height":60.334161063221018}},{"text":"pasted-image.tiff","targetRectangle":{"y":766.72784423828125,"x":1271.3677978515625,"width":153.9097900390625,"height":153.9097900390625}},{"text":"Proving Unsatisfiability in Zero Knowledge Proof","targetRectangle":{"y":78.995216369628906,"x":76.150909423828125,"width":1702.4758257508317,"height":83}},{"text":"equation.pdf","targetRectangle":{"y":345.63446358653982,"x":732.70488834381104,"width":32.939989321699727,"height":60.334161063221018}},{"text":"equation.pdf","targetRectangle":{"y":611.30909907260786,"x":790.83477115631104,"width":32.939989321699727,"height":60.334161063221018}},{"text":"equation.pdf","targetRectangle":{"y":256.29714584350586,"x":775.40117740631104,"width":68.56294492917641,"height":60.334161063221018}},{"text":"equation.pdf","targetRectangle":{"y":901.68431309673269,"x":1213.8408923550187,"width":32.939989321699841,"height":60.334161063221018}},{"text":"equation.pdf","targetRectangle":{"y":434.9717813295739,"x":874.04615358548745,"width":32.939989321699727,"height":60.334161063221018}}],"baseLayer":{"animations":[],"initialState":{"affineTransform":[1,0,0,1,0,0],"masksToBounds":false,"rotation":0,"scale":1,"position":{"pointX":960,"pointY":540},"width":1920,"sublayerTransform":[1,0,0,0,0,1,0,0,0,0,1,0,0,0,0,1],"contentsRect":{"y":0,"x":0,"width":1,"height":1},"opacity":1,"edgeAntialiasingMask":251658240,"height":1080,"hidden":false,"anchorPoint":{"pointX":0.5,"pointY":0.5}},"objectID":"0","layers":[{"animations":[],"initialState":{"affineTransform":[1,0,0,1,0,0],"masksToBounds":false,"rotation":0,"scale":1,"position":{"pointX":960,"pointY":540},"width":1920,"sublayerTransform":[1,0,0,0,0,1,0,0,0,0,1,-0.00035007912466775983,0,0,0,1],"contentsRect":{"y":0,"x":0,"width":1,"height":1},"opacity":1,"edgeAntialiasingMask":251658240,"height":1080,"hidden":false,"anchorPoint":{"pointX":0.5,"pointY":0.5}},"layers":[{"animations":[],"layers":[],"texturedRectangle":{"isBackgroundTexture":false,"singleTextureOpacity":1,"textureType":0,"textBaseline":0,"textXHeight":0,"isVerticalText":false},"initialState":{"affineTransform":[1,0,0,1,0,0],"masksToBounds":false,"rotation":0,"scale":1,"position":{"pointX":960,"pointY":540},"width":1920,"sublayerTransform":[1,0,0,0,0,1,0,0,0,0,1,0,0,0,0,1],"contentsRect":{"y":0,"x":0,"width":1,"height":1},"opacity":1,"edgeAntialiasingMask":0,"height":1080,"hidden":false,"anchorPoint":{"pointX":0.5,"pointY":0.5}},"texture":"EE7C5CA0C323516C84A33B0C5274BD69"}]}]}}]}